Workbook

Sheet 1_Расчет
D1: 1 | E1: =D1+1 -> 2 | F1: =E1+1 -> 3 | G1: =F1+1 -> 4 | H1: =G1+1 -> 5 | I1: =H1+1 -> 6 | J1: =I1+1 -> 7 | K1: =J1+1 -> 8 | L1: =K1+1 -> 9 | ... BP1: =BO1+1 -> 65
C2: + | D2: + | K2: + | L2: + | M2: + | N2: + | O2: + | P2: + | Q2: + | R2: + | S2: + | T2: + | U2: + | V2: + | W2: + | X2: + | Y2: + | Z2: + | AA2: + | AB2: + | AC2: + | AD2: + | AE2: + | AF2: + | AG2: + | AH2: + | AI2: + | AK2: + | AL2: + | AM2: + | AN2: + | AO2: + | AQ2: + | AR2: + | AS2: + | AT2: + | AU2: + | AX2: + | AY2: + | AZ2: + | BA2: + | BB2: + | BF2: + | BH2: +
AX3: 0.5 | BE3: 0.5 | BL3: 0.5 | BN3: 0.5
O4: 0.15 | T4: 0.15 | Y4: 0.35 | AD4: 0.35 | AK4: 0.15 | AQ4: 0.15 | AX4: 0.35 | BE4: 0.35
C5: № пп. | D5: ОМСУ | E5: Что снабжаем в ОМСУ МОЭ | G5: Что снабжаем в ОМСУ РМР | I5: Доля сетей в ОМСУ | J5: Кол-во жителей в ОМСУ | K5: Количество отключений на новый год, шт. | P5: Жалобы на электроснабжения в новый год, шт. | U5: Количество отключений в целом за год, шт. | Z5: Жалобы на электроснабжение | AE5: Итоговый рейтинг ОМСУ по надежности и качеству электроснабжения (1 - самый плохой) | AF5: Количество отключений на новый год, шт. на 10 тыс. жителей | AL5: Жалобы на электроснабжения в новый год, шт. на 10 тыс. жителей | AR5: Количество отключений в целом за год, шт. на 10 тыс. жителей | AY5: Жалобы на электроснабжение на 10 тыс. чел. | BF5: Итоговый рейтинг ОМСУ по надежности и качеству электроснабжения (1 - самый плохой) | BH5: Итоговый рейтинг ОМСУ по надежности и качеству электроснабжения (1 - самый плохой) | BI5: Итоговый рейтинг ОМСУ по надежности и качеству электроснабжения (1 - самый плохой) (по откл. и жалобам за год) | BL5: Разница (2025 - 2024) | BP5: Итоговый рейтинг топ лучших ОМСУ по динамике в 2025 г. относительно 2024 г.
E6: Доля сетей в ОМСУ | F6: Описание | G6: Доля сетей в ОМСУ | H6: Перечисление | K6: 2024 / 2025 | L6: 2025 / 2026 | M6: Разница (2026 - 2025) | O6: Ранг по количеству отключений за НГ | P6: 2024/2025 | Q6: 2025/2026 | R6: Разница (2026 - 2025) | T6: Ранг по кол-ву жалоб за НГ | U6: 2024 | V6: 2025 | W6: Разница (2025 - 2024) | Y6: Ранг по кол-ву откл. в 2025 г. | Z6: 2024 | AA6: 2025 | AB6: Разница (2025 - 2024) | AD6: Ранг по кол-ву жалоб в 2025 г. | AF6: 2024 / 2025 | AG6: 2025 / 2026 | AH6: Разница (2026 - 2025) | AJ6: Жалобы (приведенные к кол-ву населения) | AK6: Ранг по количеству отключений за НГ | AL6: 2024/2025 | AM6: 2025/2026 | AN6: Разница (2026 - 2025) | AP6: Жалобы (приведенные к кол-ву населения) | AQ6: Ранг по кол-ву жалоб за НГ | AR6: 2024 | AS6: 2025 | AT6: Разница (2025 - 2024) | AV6: Отключения (приведенные к кол-ву населения) | AW6: Нормализация | AX6: Ранг по кол-ву откл. в 2025 г. (с учетом жителей) | AY6: 2024 | AZ6: 2025 | BA6: Разница (2025 - 2024) | BC6: Жалобы (приведенные к кол-ву населения) | BD6: Нормализация | BE6: Ранг по кол-ву жалоб в 2025 г. (с учетом жителей) | BJ6: Расчет с учетом нормализации | BK6: Ранг с учетом нормализации | BL6: откл., приведенная к кол-ву жителей | BM6: ранг (0 - хорошо) | BN6: жалоб., приведенная к кол-ву жителей | BO6: ранг (0 - хорошо)
E7: % | F7: - | G7: % | H7: - | I7: % | K7: шт. | L7: шт. | M7: шт. | N7: % | O7: - | P7: шт. | Q7: шт. | R7: шт. | S7: % | U7: шт. | V7: шт. | W7: шт. | X7: % | Y7: - | Z7: шт. | AA7: шт. | AB7: шт. | AC7: % | AD7: - | AF7: шт. | AG7: шт. | AH7: шт. | AI7: % | AK7: - | AL7: шт. | AM7: шт. | AN7: шт. | AO7: % | AR7: шт. | AS7: шт. | AT7: шт. | AU7: % | AX7: - | AY7: шт. | AZ7: шт. | BA7: шт. | BB7: %
D8: Балашиха | I8: 10 | J8: 549846 | K8: 35 | L8: 39 | M8: 4 | N8: =IFERROR(M8/K8,"-") -> 0.11428571 | O8: =_xlfn.RANK.EQ(L8,L$8:L$63,0) -> 3 | P8: 15 | Q8: 19 | R8: =Q8-P8 -> 4 | S8: =IFERROR(R8/P8,"-") -> 0.26666667 | T8: =_xlfn.RANK.EQ(Q8,Q$8:Q$63,0) -> 10 | U8: 258 | V8: 203 | W8: =V8-U8 -> -55 | X8: =IFERROR(W8/U8,"-") -> -0.21317829 | Y8: =_xlfn.RANK.EQ(V8,V$8:V$63,0) -> 20 | Z8: 757 | AA8: 581 | AB8: =AA8-Z8 -> -176 | AC8: =IFERROR(AB8/Z8,"-") -> -0.2324967 | AD8: =_xlfn.RANK.EQ(AA8,AA$8:AA$63,0) -> 19 | AE8: =O8*O$4+T8*T$4+Y8*Y$4+AD8*AD$4 -> 15.6 | AF8: =K8 -> 35 | AG8: =L8 -> 39 | AH8: =AG8-AF8 -> 4 | AI8: =IFERROR(AH8/AF8,"-") -> 0.11428571 | AJ8: =10000*AG8/J8 -> 0.70928951 | AK8: =_xlfn.RANK.EQ(AJ8,AJ$8:AJ$63,0) -> 26 | AL8: =P8 -> 15 | AM8: =Q8 -> 19 | AN8: =AM8-AL8 -> 4 | AO8: =IFERROR(AN8/AL8,"-") -> 0.26666667 | AP8: =10000*AM8/J8 -> 0.3455513 | AQ8: =_xlfn.RANK.EQ(AP8,AP$8:AP$63,0) -> 27 | AR8: 258 | AS8: 203 | AT8: =AS8-AR8 -> -55 | AU8: =IFERROR(AT8/AR8,"-") -> -0.21317829 | AV8: =10000*AS8/J8 -> 3.6919428 | AW8: =IFERROR(MAX(AV$8:AV$63)/(MAX(AV$8:AV$63)-AV8)*5,0) -> 5.4710031 | AX8: =_xlfn.RANK.EQ(AV8,AV$8:AV$63,0) -> 45 | AY8: 757 | AZ8: 581 | BA8: =AZ8-AY8 -> -176 | BB8: =IFERROR(BA8/AY8,"-") -> -0.2324967 | BC8: =AZ8*10000/J8 -> 10.566595 | BD8: =(MAX(BC$8:BC$63)-BC8)/MAX(BC$8:BC$63)*5 -> 4.6059279 | BE8: =_xlfn.RANK.EQ(BC8,BC$8:BC$63,0) -> 48 | BF8: =AK8*AK$4+AQ8*AQ$4+AX8*AX$4+BE8*BE$4 -> 40.5 | BH8: =AX$4*AX8+BE8*BE$4 -> 32.55 | BI8: =AX$3*AX8+BE$3*BE8 -> 46.5 | BJ8: =AW8*AX$3+BD8*BE$3 -> 5.0384655 | BK8: =_xlfn.RANK.EQ(BJ8,BJ$8:BJ$63,1) -> 56 | BL8: =AT8/J8*10000 -> -1.0002801 | BM8: =_xlfn.RANK.EQ(BL8,BL$8:BL$63,1) -> 5 | BN8: =BA8/J8*10000 -> -3.2008963 | BO8: =_xlfn.RANK.EQ(BN8,BN$8:BN$63,1) -> 26 | BP8: =BM8*BL$3+BO8*BN$3 -> 15.5
D9: Богородский | I9: 7 | J9: 218485 | K9: 1 | L9: 5 | M9: 4 | N9: =IFERROR(M9/K9,"-") -> 4 | O9: =_xlfn.RANK.EQ(L9,L$8:L$63,0) -> 33 | P9: 10 | Q9: 8 | R9: =Q9-P9 -> -2 | S9: =IFERROR(R9/P9,"-") -> -0.2 | T9: =_xlfn.RANK.EQ(Q9,Q$8:Q$63,0) -> 21 | U9: 201 | V9: 262 | W9: =V9-U9 -> 61 | X9: =IFERROR(W9/U9,"-") -> 0.30348259 | Y9: =_xlfn.RANK.EQ(V9,V$8:V$63,0) -> 13 | Z9: 783 | AA9: 787 | AB9: =AA9-Z9 -> 4 | AC9: =IFERROR(AB9/Z9,"-") -> 0.0051085568 | AD9: =_xlfn.RANK.EQ(AA9,AA$8:AA$63,0) -> 14 | AE9: =O9*O$4+T9*T$4+Y9*Y$4+AD9*AD$4 -> 17.55 | AF9: =K9 -> 1 | AG9: =L9 -> 5 | AH9: =AG9-AF9 -> 4 | AI9: =IFERROR(AH9/AF9,"-") -> 4 | AJ9: =10000*AG9/J9 -> 0.22884866 | AK9: =_xlfn.RANK.EQ(AJ9,AJ$8:AJ$63,0) -> 37 | AL9: =P9 -> 10 | AM9: =Q9 -> 8 | AN9: =AM9-AL9 -> -2 | AO9: =IFERROR(AN9/AL9,"-") -> -0.2 | AP9: =10000*AM9/J9 -> 0.36615786 | AQ9: =_xlfn.RANK.EQ(AP9,AP$8:AP$63,0) -> 26 | AR9: 201 | AS9: 262 | AT9: =AS9-AR9 -> 61 | AU9: =IFERROR(AT9/AR9,"-") -> 0.30348259 | AV9: =10000*AS9/J9 -> 11.99167 | AW9: =(MAX(AV$8:AV$63)-AV9)/MAX(AV$8:AV$63)*5 -> 3.6018574 | AX9: =_xlfn.RANK.EQ(AV9,AV$8:AV$63,0) -> 20 | AY9: 783 | AZ9: 787 | BA9: =AZ9-AY9 -> 4 | BB9: =IFERROR(BA9/AY9,"-") -> 0.0051085568 | BC9: =AZ9*10000/J9 -> 36.020779 | BD9: =(MAX(BC$8:BC$63)-BC9)/MAX(BC$8:BC$63)*5 -> 3.6566359 | BE9: =_xlfn.RANK.EQ(BC9,BC$8:BC$63,0) -> 20 | BF9: =AK9*AK$4+AQ9*AQ$4+AX9*AX$4+BE9*BE$4 -> 23.45 | BH9: =O9*O$4+T9*T$4+AX$4*AX9+BE9*BE$4 -> 22.1 | BI9: =AX$3*AX9+BE$3*BE9 -> 20 | BJ9: =AW9*AX$3+BD9*BE$3 -> 3.6292466 | BK9: =_xlfn.RANK.EQ(BJ9,BJ$8:BJ$63,1) -> 19 | BL9: =AT9/J9*10000 -> 2.7919537 | BM9: =_xlfn.RANK.EQ(BL9,BL$8:BL$63,1) -> 32 | BN9: =BA9/J9*10000 -> 0.18307893 | BO9: =_xlfn.RANK.EQ(BN9,BN$8:BN$63,1) -> 34 | BP9: =BM9*BL$3+BO9*BN$3 -> 33
D10: Электросталь | I10: 15 | J10: 152190 | K10: 2 | L10: 6 | M10: 4 | N10: =IFERROR(M10/K10,"-") -> 2 | O10: =_xlfn.RANK.EQ(L10,L$8:L$63,0) -> 29 | P10: 5 | Q10: 8 | R10: =Q10-P10 -> 3 | S10: =IFERROR(R10/P10,"-") -> 0.6 | T10: =_xlfn.RANK.EQ(Q10,Q$8:Q$63,0) -> 21 | U10: 61 | V10: 52 | W10: =V10-U10 -> -9 | X10: =IFERROR(W10/U10,"-") -> -0.14754098 | Y10: =_xlfn.RANK.EQ(V10,V$8:V$63,0) -> 40 | Z10: 140 | AA10: 114 | AB10: =AA10-Z10 -> -26 | AC10: =IFERROR(AB10/Z10,"-") -> -0.18571429 | AD10: =_xlfn.RANK.EQ(AA10,AA$8:AA$63,0) -> 43 | AE10: =O10*O$4+T10*T$4+Y10*Y$4+AD10*AD$4 -> 36.55 | AF10: =K10 -> 2 | AG10: =L10 -> 6 | AH10: =AG10-AF10 -> 4 | AI10: =IFERROR(AH10/AF10,"-") -> 2 | AJ10: =10000*AG10/J10 -> 0.39424404 | AK10: =_xlfn.RANK.EQ(AJ10,AJ$8:AJ$63,0) -> 34 | AL10: =P10 -> 5 | AM10: =Q10 -> 8 | AN10: =AM10-AL10 -> 3 | AO10: =IFERROR(AN10/AL10,"-") -> 0.6 | AP10: =10000*AM10/J10 -> 0.52565872 | AQ10: =_xlfn.RANK.EQ(AP10,AP$8:AP$63,0) -> 22 | AR10: 61 | AS10: 52 | AT10: =AS10-AR10 -> -9 | AU10: =IFERROR(AT10/AR10,"-") -> -0.14754098 | AV10: =10000*AS10/J10 -> 3.4167817 | AW10: =(MAX(AV$8:AV$63)-AV10)/MAX(AV$8:AV$63)*5 -> 4.6016278 | AX10: =_xlfn.RANK.EQ(AV10,AV$8:AV$63,0) -> 46 | AY10: 140 | AZ10: 114 | BA10: =AZ10-AY10 -> -26 | BB10: =IFERROR(BA10/AY10,"-") -> -0.18571429 | BC10: =AZ10*10000/J10 -> 7.4906367 | BD10: =(MAX(BC$8:BC$63)-BC10)/MAX(BC$8:BC$63)*5 -> 4.7206431 | BE10: =_xlfn.RANK.EQ(BC10,BC$8:BC$63,0) -> 52 | BF10: =AK10*AK$4+AQ10*AQ$4+AX10*AX$4+BE10*BE$4 -> 42.7 | BH10: =O10*O$4+T10*T$4+AX$4*AX10+BE10*BE$4 -> 41.8 | BI10: =AX$3*AX10+BE$3*BE10 -> 49 | BJ10: =AW10*AX$3+BD10*BE$3 -> 4.6611355 | BK10: =_xlfn.RANK.EQ(BJ10,BJ$8:BJ$63,1) -> 49 | BL10: =AT10/J10*10000 -> -0.59136606 | BM10: =_xlfn.RANK.EQ(BL10,BL$8:BL$63,1) -> 9 | BN10: =BA10/J10*10000 -> -1.7083908 | BO10: =_xlfn.RANK.EQ(BN10,BN$8:BN$63,1) -> 29 | BP10: =BM10*BL$3+BO10*BN$3 -> 19
D11: Щелково | I11: 8 | J11: 217794 | K11: 5 | L11: 1 | M11: -4 | N11: =IFERROR(M11/K11,"-") -> -0.8 | O11: =_xlfn.RANK.EQ(L11,L$8:L$63,0) -> 38 | P11: 9 | Q11: 14 | R11: =Q11-P11 -> 5 | S11: =IFERROR(R11/P11,"-") -> 0.55555556 | T11: =_xlfn.RANK.EQ(Q11,Q$8:Q$63,0) -> 16 | U11: 169 | V11: 194 | W11: =V11-U11 -> 25 | X11: =IFERROR(W11/U11,"-") -> 0.14792899 | Y11: =_xlfn.RANK.EQ(V11,V$8:V$63,0) -> 21 | Z11: 515 | AA11: 440 | AB11: =AA11-Z11 -> -75 | AC11: =IFERROR(AB11/Z11,"-") -> -0.14563107 | AD11: =_xlfn.RANK.EQ(AA11,AA$8:AA$63,0) -> 24 | AE11: =O11*O$4+T11*T$4+Y11*Y$4+AD11*AD$4 -> 23.85 | AF11: =K11 -> 5 | AG11: =L11 -> 1 | AH11: =AG11-AF11 -> -4 | AI11: =IFERROR(AH11/AF11,"-") -> -0.8 | AJ11: =10000*AG11/J11 -> 0.045914947 | AK11: =_xlfn.RANK.EQ(AJ11,AJ$8:AJ$63,0) -> 45 | AL11: =P11 -> 9 | AM11: =Q11 -> 14 | AN11: =AM11-AL11 -> 5 | AO11: =IFERROR(AN11/AL11,"-") -> 0.55555556 | AP11: =10000*AM11/J11 -> 0.64280926 | AQ11: =_xlfn.RANK.EQ(AP11,AP$8:AP$63,0) -> 19 | AR11: 169 | AS11: 194 | AT11: =AS11-AR11 -> 25 | AU11: =IFERROR(AT11/AR11,"-") -> 0.14792899 | AV11: =10000*AS11/J11 -> 8.9074997 | AW11: =(MAX(AV$8:AV$63)-AV11)/MAX(AV$8:AV$63)*5 -> 3.9614495 | AX11: =_xlfn.RANK.EQ(AV11,AV$8:AV$63,0) -> 27 | AY11: 515 | AZ11: 440 | BA11: =AZ11-AY11 -> -75 | BB11: =IFERROR(BA11/AY11,"-") -> -0.14563107 | BC11: =AZ11*10000/J11 -> 20.202577 | BD11: =(MAX(BC$8:BC$63)-BC11)/MAX(BC$8:BC$63)*5 -> 4.2465622 | BE11: =_xlfn.RANK.EQ(BC11,BC$8:BC$63,0) -> 37 | BF11: =AK11*AK$4+AQ11*AQ$4+AX11*AX$4+BE11*BE$4 -> 32 | BH11: =O11*O$4+T11*T$4+AX$4*AX11+BE11*BE$4 -> 30.5 | BI11: =AX$3*AX11+BE$3*BE11 -> 32 | BJ11: =AW11*AX$3+BD11*BE$3 -> 4.1040058 | BK11: =_xlfn.RANK.EQ(BJ11,BJ$8:BJ$63,1) -> 34 | BL11: =AT11/J11*10000 -> 1.1478737 | BM11: =_xlfn.RANK.EQ(BL11,BL$8:BL$63,1) -> 20 | BN11: =BA11/J11*10000 -> -3.443621 | BO11: =_xlfn.RANK.EQ(BN11,BN$8:BN$63,1) -> 23 | BP11: =BM11*BL$3+BO11*BN$3 -> 21.5
D12: Орехово-Зуево | I12: 1 | J12: 241038 | K12: 36 | L12: 22 | M12: -14 | N12: =IFERROR(M12/K12,"-") -> -0.38888889 | O12: =_xlfn.RANK.EQ(L12,L$8:L$63,0) -> 16 | P12: 4 | Q12: 5 | R12: =Q12-P12 -> 1 | S12: =IFERROR(R12/P12,"-") -> 0.25 | T12: =_xlfn.RANK.EQ(Q12,Q$8:Q$63,0) -> 27 | U12: 164 | V12: 277 | W12: =V12-U12 -> 113 | X12: =IFERROR(W12/U12,"-") -> 0.68902439 | Y12: =_xlfn.RANK.EQ(V12,V$8:V$63,0) -> 11 | Z12: 550 | AA12: 383 | AB12: =AA12-Z12 -> -167 | AC12: =IFERROR(AB12/Z12,"-") -> -0.30363636 | AD12: =_xlfn.RANK.EQ(AA12,AA$8:AA$63,0) -> 26 | AE12: =O12*O$4+T12*T$4+Y12*Y$4+AD12*AD$4 -> 19.4 | AF12: =K12 -> 36 | AG12: =L12 -> 22 | AH12: =AG12-AF12 -> -14 | AI12: =IFERROR(AH12/AF12,"-") -> -0.38888889 | AJ12: =10000*AG12/J12 -> 0.91271916 | AK12: =_xlfn.RANK.EQ(AJ12,AJ$8:AJ$63,0) -> 19 | AL12: =P12 -> 4 | AM12: =Q12 -> 5 | AN12: =AM12-AL12 -> 1 | AO12: =IFERROR(AN12/AL12,"-") -> 0.25 | AP12: =10000*AM12/J12 -> 0.20743617 | AQ12: =_xlfn.RANK.EQ(AP12,AP$8:AP$63,0) -> 32 | AR12: 164 | AS12: 277 | AT12: =AS12-AR12 -> 113 | AU12: =IFERROR(AT12/AR12,"-") -> 0.68902439 | AV12: =10000*AS12/J12 -> 11.491964 | AW12: =(MAX(AV$8:AV$63)-AV12)/MAX(AV$8:AV$63)*5 -> 3.6601195 | AX12: =_xlfn.RANK.EQ(AV12,AV$8:AV$63,0) -> 22 | AY12: 550 | AZ12: 383 | BA12: =AZ12-AY12 -> -167 | BB12: =IFERROR(BA12/AY12,"-") -> -0.30363636 | BC12: =AZ12*10000/J12 -> 15.889611 | BD12: =(MAX(BC$8:BC$63)-BC12)/MAX(BC$8:BC$63)*5 -> 4.4074106 | BE12: =_xlfn.RANK.EQ(BC12,BC$8:BC$63,0) -> 43 | BF12: =AK12*AK$4+AQ12*AQ$4+AX12*AX$4+BE12*BE$4 -> 30.4 | BH12: =O12*O$4+T12*T$4+AX$4*AX12+BE12*BE$4 -> 29.2 | BI12: =AX$3*AX12+BE$3*BE12 -> 32.5 | BJ12: =AW12*AX$3+BD12*BE$3 -> 4.033765 | BK12: =_xlfn.RANK.EQ(BJ12,BJ$8:BJ$63,1) -> 29 | BL12: =AT12/J12*10000 -> 4.6880575 | BM12: =_xlfn.RANK.EQ(BL12,BL$8:BL$63,1) -> 39 | BN12: =BA12/J12*10000 -> -6.9283681 | BO12: =_xlfn.RANK.EQ(BN12,BN$8:BN$63,1) -> 15 | BP12: =BM12*BL$3+BO12*BN$3 -> 27
D13: Павлово-Посадский | I13: 5 | J13: 121788 | K13: 4 | L13: 1 | M13: -3 | N13: =IFERROR(M13/K13,"-") -> -0.75 | O13: =_xlfn.RANK.EQ(L13,L$8:L$63,0) -> 38 | P13: 33 | Q13: 12 | R13: =Q13-P13 -> -21 | S13: =IFERROR(R13/P13,"-") -> -0.63636364 | T13: =_xlfn.RANK.EQ(Q13,Q$8:Q$63,0) -> 17 | U13: 90 | V13: 108 | W13: =V13-U13 -> 18 | X13: =IFERROR(W13/U13,"-") -> 0.2 | Y13: =_xlfn.RANK.EQ(V13,V$8:V$63,0) -> 30 | Z13: 756 | AA13: 573 | AB13: =AA13-Z13 -> -183 | AC13: =IFERROR(AB13/Z13,"-") -> -0.24206349 | AD13: =_xlfn.RANK.EQ(AA13,AA$8:AA$63,0) -> 20 | AE13: =O13*O$4+T13*T$4+Y13*Y$4+AD13*AD$4 -> 25.75 | AF13: =K13 -> 4 | AG13: =L13 -> 1 | AH13: =AG13-AF13 -> -3 | AI13: =IFERROR(AH13/AF13,"-") -> -0.75 | AJ13: =10000*AG13/J13 -> 0.082109896 | AK13: =_xlfn.RANK.EQ(AJ13,AJ$8:AJ$63,0) -> 44 | AL13: =P13 -> 33 | AM13: =Q13 -> 12 | AN13: =AM13-AL13 -> -21 | AO13: =IFERROR(AN13/AL13,"-") -> -0.63636364 | AP13: =10000*AM13/J13 -> 0.98531875 | AQ13: =_xlfn.RANK.EQ(AP13,AP$8:AP$63,0) -> 13 | AR13: 90 | AS13: 108 | AT13: =AS13-AR13 -> 18 | AU13: =IFERROR(AT13/AR13,"-") -> 0.2 | AV13: =10000*AS13/J13 -> 8.8678688 | AW13: =(MAX(AV$8:AV$63)-AV13)/MAX(AV$8:AV$63)*5 -> 3.9660702 | AX13: =_xlfn.RANK.EQ(AV13,AV$8:AV$63,0) -> 28 | AY13: 756 | AZ13: 573 | BA13: =AZ13-AY13 -> -183 | BB13: =IFERROR(BA13/AY13,"-") -> -0.24206349 | BC13: =AZ13*10000/J13 -> 47.04897 | BD13: =(MAX(BC$8:BC$63)-BC13)/MAX(BC$8:BC$63)*5 -> 3.2453489 | BE13: =_xlfn.RANK.EQ(BC13,BC$8:BC$63,0) -> 13 | BF13: =AK13*AK$4+AQ13*AQ$4+AX13*AX$4+BE13*BE$4 -> 22.9 | BH13: =O13*O$4+T13*T$4+AX$4*AX13+BE13*BE$4 -> 22.6 | BI13: =AX$3*AX13+BE$3*BE13 -> 20.5 | BJ13: =AW13*AX$3+BD13*BE$3 -> 3.6057095 | BK13: =_xlfn.RANK.EQ(BJ13,BJ$8:BJ$63,1) -> 18 | BL13: =AT13/J13*10000 -> 1.4779781 | BM13: =_xlfn.RANK.EQ(BL13,BL$8:BL$63,1) -> 25 | BN13: =BA13/J13*10000 -> -15.026111 | BO13: =_xlfn.RANK.EQ(BN13,BN$8:BN$63,1) -> 11 | BP13: =BM13*BL$3+BO13*BN$3 -> 18
D14: Люберцы | I14: 12 | J14: 414189 | K14: 4 | L14: 0 | M14: -4 | N14: =IFERROR(M14/K14,"-") -> -1 | O14: =_xlfn.RANK.EQ(L14,L$8:L$63,0) -> 47 | P14: 6 | Q14: 2 | R14: =Q14-P14 -> -4 | S14: =IFERROR(R14/P14,"-") -> -0.66666667 | T14: =_xlfn.RANK.EQ(Q14,Q$8:Q$63,0) -> 31 | U14: 163 | V14: 133 | W14: =V14-U14 -> -30 | X14: =IFERROR(W14/U14,"-") -> -0.18404908 | Y14: =_xlfn.RANK.EQ(V14,V$8:V$63,0) -> 25 | Z14: 482 | AA14: 573 | AB14: =AA14-Z14 -> 91 | AC14: =IFERROR(AB14/Z14,"-") -> 0.18879668 | AD14: =_xlfn.RANK.EQ(AA14,AA$8:AA$63,0) -> 20 | AE14: =O14*O$4+T14*T$4+Y14*Y$4+AD14*AD$4 -> 27.45 | AF14: =K14 -> 4 | AG14: =L14 -> 0 | AH14: =AG14-AF14 -> -4 | AI14: =IFERROR(AH14/AF14,"-") -> -1 | AJ14: =10000*AG14/J14 -> 0 | AK14: =_xlfn.RANK.EQ(AJ14,AJ$8:AJ$63,0) -> 47 | AL14: =P14 -> 6 | AM14: =Q14 -> 2 | AN14: =AM14-AL14 -> -4 | AO14: =IFERROR(AN14/AL14,"-") -> -0.66666667 | AP14: =10000*AM14/J14 -> 0.048287135 | AQ14: =_xlfn.RANK.EQ(AP14,AP$8:AP$63,0) -> 36 | AR14: 163 | AS14: 133 | AT14: =AS14-AR14 -> -30 | AU14: =IFERROR(AT14/AR14,"-") -> -0.18404908 | AV14: =10000*AS14/J14 -> 3.2110945 | AW14: =(MAX(AV$8:AV$63)-AV14)/MAX(AV$8:AV$63)*5 -> 4.6256094 | AX14: =_xlfn.RANK.EQ(AV14,AV$8:AV$63,0) -> 48 | AY14: 482 | AZ14: 573 | BA14: =AZ14-AY14 -> 91 | BB14: =IFERROR(BA14/AY14,"-") -> 0.18879668 | BC14: =AZ14*10000/J14 -> 13.834264 | BD14: =(MAX(BC$8:BC$63)-BC14)/MAX(BC$8:BC$63)*5 -> 4.484063 | BE14: =_xlfn.RANK.EQ(BC14,BC$8:BC$63,0) -> 44 | BF14: =AK14*AK$4+AQ14*AQ$4+AX14*AX$4+BE14*BE$4 -> 44.65 | BH14: =O14*O$4+T14*T$4+AX$4*AX14+BE14*BE$4 -> 43.9 | BI14: =AX$3*AX14+BE$3*BE14 -> 46 | BJ14: =AW14*AX$3+BD14*BE$3 -> 4.5548362 | BK14: =_xlfn.RANK.EQ(BJ14,BJ$8:BJ$63,1) -> 46 | BL14: =AT14/J14*10000 -> -0.72430702 | BM14: =_xlfn.RANK.EQ(BL14,BL$8:BL$63,1) -> 7 | BN14: =BA14/J14*10000 -> 2.1970646 | BO14: =_xlfn.RANK.EQ(BN14,BN$8:BN$63,1) -> 38 | BP14: =BM14*BL$3+BO14*BN$3 -> 22.5
D15: Ленинский | I15: 11 | J15: 309204 | K15: 8 | L15: 4 | M15: -4 | N15: =IFERROR(M15/K15,"-") -> -0.5 | O15: =_xlfn.RANK.EQ(L15,L$8:L$63,0) -> 34 | P15: 7 | Q15: 0 | R15: =Q15-P15 -> -7 | S15: =IFERROR(R15/P15,"-") -> -1 | T15: =_xlfn.RANK.EQ(Q15,Q$8:Q$63,0) -> 38 | U15: 167 | V15: 192 | W15: =V15-U15 -> 25 | X15: =IFERROR(W15/U15,"-") -> 0.1497006 | Y15: =_xlfn.RANK.EQ(V15,V$8:V$63,0) -> 22 | Z15: 635 | AA15: 400 | AB15: =AA15-Z15 -> -235 | AC15: =IFERROR(AB15/Z15,"-") -> -0.37007874 | AD15: =_xlfn.RANK.EQ(AA15,AA$8:AA$63,0) -> 25 | AE15: =O15*O$4+T15*T$4+Y15*Y$4+AD15*AD$4 -> 27.25 | AF15: =K15 -> 8 | AG15: =L15 -> 4 | AH15: =AG15-AF15 -> -4 | AI15: =IFERROR(AH15/AF15,"-") -> -0.5 | AJ15: =10000*AG15/J15 -> 0.12936443 | AK15: =_xlfn.RANK.EQ(AJ15,AJ$8:AJ$63,0) -> 42 | AL15: =P15 -> 7 | AM15: =Q15 -> 0 | AN15: =AM15-AL15 -> -7 | AO15: =IFERROR(AN15/AL15,"-") -> -1 | AP15: =10000*AM15/J15 -> 0 | AQ15: =_xlfn.RANK.EQ(AP15,AP$8:AP$63,0) -> 38 | AR15: 167 | AS15: 192 | AT15: =AS15-AR15 -> 25 | AU15: =IFERROR(AT15/AR15,"-") -> 0.1497006 | AV15: =10000*AS15/J15 -> 6.2094928 | AW15: =(MAX(AV$8:AV$63)-AV15)/MAX(AV$8:AV$63)*5 -> 4.2760177 | AX15: =_xlfn.RANK.EQ(AV15,AV$8:AV$63,0) -> 39 | AY15: 635 | AZ15: 400 | BA15: =AZ15-AY15 -> -235 | BB15: =IFERROR(BA15/AY15,"-") -> -0.37007874 | BC15: =AZ15*10000/J15 -> 12.936443 | BD15: =(MAX(BC$8:BC$63)-BC15)/MAX(BC$8:BC$63)*5 -> 4.5175464 | BE15: =_xlfn.RANK.EQ(BC15,BC$8:BC$63,0) -> 46 | BF15: =AK15*AK$4+AQ15*AQ$4+AX15*AX$4+BE15*BE$4 -> 41.75 | BH15: =O15*O$4+T15*T$4+AX$4*AX15+BE15*BE$4 -> 40.55 | BI15: =AX$3*AX15+BE$3*BE15 -> 42.5 | BJ15: =AW15*AX$3+BD15*BE$3 -> 4.3967821 | BK15: =_xlfn.RANK.EQ(BJ15,BJ$8:BJ$63,1) -> 43 | BL15: =AT15/J15*10000 -> 0.8085277 | BM15: =_xlfn.RANK.EQ(BL15,BL$8:BL$63,1) -> 18 | BN15: =BA15/J15*10000 -> -7.6001604 | BO15: =_xlfn.RANK.EQ(BN15,BN$8:BN$63,1) -> 14 | BP15: =BM15*BL$3+BO15*BN$3 -> 16
D16: Домодедово | I16: 9 | J16: 222807 | K16: 16 | L16: 20 | M16: 4 | N16: =IFERROR(M16/K16,"-") -> 0.25 | O16: =_xlfn.RANK.EQ(L16,L$8:L$63,0) -> 18 | P16: 12 | Q16: 16 | R16: =Q16-P16 -> 4 | S16: =IFERROR(R16/P16,"-") -> 0.33333333 | T16: =_xlfn.RANK.EQ(Q16,Q$8:Q$63,0) -> 14 | U16: 239 | V16: 324 | W16: =V16-U16 -> 85 | X16: =IFERROR(W16/U16,"-") -> 0.35564854 | Y16: =_xlfn.RANK.EQ(V16,V$8:V$63,0) -> 8 | Z16: 2294 | AA16: 1299 | AB16: =AA16-Z16 -> -995 | AC16: =IFERROR(AB16/Z16,"-") -> -0.43374019 | AD16: =_xlfn.RANK.EQ(AA16,AA$8:AA$63,0) -> 7 | AE16: =O16*O$4+T16*T$4+Y16*Y$4+AD16*AD$4 -> 10.05 | AF16: =K16 -> 16 | AG16: =L16 -> 20 | AH16: =AG16-AF16 -> 4 | AI16: =IFERROR(AH16/AF16,"-") -> 0.25 | AJ16: =10000*AG16/J16 -> 0.89763787 | AK16: =_xlfn.RANK.EQ(AJ16,AJ$8:AJ$63,0) -> 21 | AL16: =P16 -> 12 | AM16: =Q16 -> 16 | AN16: =AM16-AL16 -> 4 | AO16: =IFERROR(AN16/AL16,"-") -> 0.33333333 | AP16: =10000*AM16/J16 -> 0.71811029 | AQ16: =_xlfn.RANK.EQ(AP16,AP$8:AP$63,0) -> 18 | AR16: 239 | AS16: 324 | AT16: =AS16-AR16 -> 85 | AU16: =IFERROR(AT16/AR16,"-") -> 0.35564854 | AV16: =10000*AS16/J16 -> 14.541733 | AW16: =(MAX(AV$8:AV$63)-AV16)/MAX(AV$8:AV$63)*5 -> 3.3045383 | AX16: =_xlfn.RANK.EQ(AV16,AV$8:AV$63,0) -> 13 | AY16: 2294 | AZ16: 1299 | BA16: =AZ16-AY16 -> -995 | BB16: =IFERROR(BA16/AY16,"-") -> -0.43374019 | BC16: =AZ16*10000/J16 -> 58.301579 | BD16: =(MAX(BC$8:BC$63)-BC16)/MAX(BC$8:BC$63)*5 -> 2.8256925 | BE16: =_xlfn.RANK.EQ(BC16,BC$8:BC$63,0) -> 9 | BF16: =AK16*AK$4+AQ16*AQ$4+AX16*AX$4+BE16*BE$4 -> 13.55 | BH16: =O16*O$4+T16*T$4+AX$4*AX16+BE16*BE$4 -> 12.5 | BI16: =AX$3*AX16+BE$3*BE16 -> 11 | BJ16: =AW16*AX$3+BD16*BE$3 -> 3.0651154 | BK16: =_xlfn.RANK.EQ(BJ16,BJ$8:BJ$63,1) -> 12 | BL16: =AT16/J16*10000 -> 3.8149609 | BM16: =_xlfn.RANK.EQ(BL16,BL$8:BL$63,1) -> 36 | BN16: =BA16/J16*10000 -> -44.657484 | BO16: =_xlfn.RANK.EQ(BN16,BN$8:BN$63,1) -> 5 | BP16: =BM16*BL$3+BO16*BN$3 -> 20.5
D17: Подольск | I17: 6 | J17: 350268 | K17: 27 | L17: 22 | M17: -5 | N17: =IFERROR(M17/K17,"-") -> -0.18518519 | O17: =_xlfn.RANK.EQ(L17,L$8:L$63,0) -> 16 | P17: 12 | Q17: 19 | R17: =Q17-P17 -> 7 | S17: =IFERROR(R17/P17,"-") -> 0.58333333 | T17: =_xlfn.RANK.EQ(Q17,Q$8:Q$63,0) -> 10 | U17: 481 | V17: 460 | W17: =V17-U17 -> -21 | X17: =IFERROR(W17/U17,"-") -> -0.043659044 | Y17: =_xlfn.RANK.EQ(V17,V$8:V$63,0) -> 5 | Z17: 1824 | AA17: 907 | AB17: =AA17-Z17 -> -917 | AC17: =IFERROR(AB17/Z17,"-") -> -0.50274123 | AD17: =_xlfn.RANK.EQ(AA17,AA$8:AA$63,0) -> 12 | AE17: =O17*O$4+T17*T$4+Y17*Y$4+AD17*AD$4 -> 9.85 | AF17: =K17 -> 27 | AG17: =L17 -> 22 | AH17: =AG17-AF17 -> -5 | AI17: =IFERROR(AH17/AF17,"-") -> -0.18518519 | AJ17: =10000*AG17/J17 -> 0.62809049 | AK17: =_xlfn.RANK.EQ(AJ17,AJ$8:AJ$63,0) -> 28 | AL17: =P17 -> 12 | AM17: =Q17 -> 19 | AN17: =AM17-AL17 -> 7 | AO17: =IFERROR(AN17/AL17,"-") -> 0.58333333 | AP17: =10000*AM17/J17 -> 0.54244179 | AQ17: =_xlfn.RANK.EQ(AP17,AP$8:AP$63,0) -> 21 | AR17: 481 | AS17: 460 | AT17: =AS17-AR17 -> -21 | AU17: =IFERROR(AT17/AR17,"-") -> -0.043659044 | AV17: =10000*AS17/J17 -> 13.132801 | AW17: =(MAX(AV$8:AV$63)-AV17)/MAX(AV$8:AV$63)*5 -> 3.4688097 | AX17: =_xlfn.RANK.EQ(AV17,AV$8:AV$63,0) -> 15 | AY17: 1824 | AZ17: 907 | BA17: =AZ17-AY17 -> -917 | BB17: =IFERROR(BA17/AY17,"-") -> -0.50274123 | BC17: =AZ17*10000/J17 -> 25.894458 | BD17: =(MAX(BC$8:BC$63)-BC17)/MAX(BC$8:BC$63)*5 -> 4.0342883 | BE17: =_xlfn.RANK.EQ(BC17,BC$8:BC$63,0) -> 26 | BF17: =AK17*AK$4+AQ17*AQ$4+AX17*AX$4+BE17*BE$4 -> 21.7 | BH17: =O17*O$4+T17*T$4+AX$4*AX17+BE17*BE$4 -> 18.25 | BI17: =AX$3*AX17+BE$3*BE17 -> 20.5 | BJ17: =AW17*AX$3+BD17*BE$3 -> 3.751549 | BK17: =_xlfn.RANK.EQ(BJ17,BJ$8:BJ$63,1) -> 24 | BL17: =AT17/J17*10000 -> -0.59954092 | BM17: =_xlfn.RANK.EQ(BL17,BL$8:BL$63,1) -> 8 | BN17: =BA17/J17*10000 -> -26.179954 | BO17: =_xlfn.RANK.EQ(BN17,BN$8:BN$63,1) -> 8 | BP17: =BM17*BL$3+BO17*BN$3 -> 8
D18: Серпухов | I18: 2 | J18: 237574 | K18: 19 | L18: 15 | M18: -4 | N18: =IFERROR(M18/K18,"-") -> -0.21052632 | O18: =_xlfn.RANK.EQ(L18,L$8:L$63,0) -> 20 | P18: 1 | Q18: 31 | R18: =Q18-P18 -> 30 | S18: =IFERROR(R18/P18,"-") -> 30 | T18: =_xlfn.RANK.EQ(Q18,Q$8:Q$63,0) -> 6 | U18: 210 | V18: 179 | W18: =V18-U18 -> -31 | X18: =IFERROR(W18/U18,"-") -> -0.14761905 | Y18: =_xlfn.RANK.EQ(V18,V$8:V$63,0) -> 23 | Z18: 583 | AA18: 456 | AB18: =AA18-Z18 -> -127 | AC18: =IFERROR(AB18/Z18,"-") -> -0.21783876 | AD18: =_xlfn.RANK.EQ(AA18,AA$8:AA$63,0) -> 23 | AE18: =O18*O$4+T18*T$4+Y18*Y$4+AD18*AD$4 -> 20 | AF18: =K18 -> 19 | AG18: =L18 -> 15 | AH18: =AG18-AF18 -> -4 | AI18: =IFERROR(AH18/AF18,"-") -> -0.21052632 | AJ18: =10000*AG18/J18 -> 0.63138222 | AK18: =_xlfn.RANK.EQ(AJ18,AJ$8:AJ$63,0) -> 27 | AL18: =P18 -> 1 | AM18: =Q18 -> 31 | AN18: =AM18-AL18 -> 30 | AO18: =IFERROR(AN18/AL18,"-") -> 30 | AP18: =10000*AM18/J18 -> 1.3048566 | AQ18: =_xlfn.RANK.EQ(AP18,AP$8:AP$63,0) -> 10 | AR18: 210 | AS18: 179 | AT18: =AS18-AR18 -> -31 | AU18: =IFERROR(AT18/AR18,"-") -> -0.14761905 | AV18: =10000*AS18/J18 -> 7.5344945 | AW18: =(MAX(AV$8:AV$63)-AV18)/MAX(AV$8:AV$63)*5 -> 4.121532 | AX18: =_xlfn.RANK.EQ(AV18,AV$8:AV$63,0) -> 36 | AY18: 583 | AZ18: 456 | BA18: =AZ18-AY18 -> -127 | BB18: =IFERROR(BA18/AY18,"-") -> -0.21783876 | BC18: =AZ18*10000/J18 -> 19.19402 | BD18: =(MAX(BC$8:BC$63)-BC18)/MAX(BC$8:BC$63)*5 -> 4.2841755 | BE18: =_xlfn.RANK.EQ(BC18,BC$8:BC$63,0) -> 39 | BF18: =AK18*AK$4+AQ18*AQ$4+AX18*AX$4+BE18*BE$4 -> 31.8 | BH18: =O18*O$4+T18*T$4+AX$4*AX18+BE18*BE$4 -> 30.15 | BI18: =AX$3*AX18+BE$3*BE18 -> 37.5 | BJ18: =AW18*AX$3+BD18*BE$3 -> 4.2028538 | BK18: =_xlfn.RANK.EQ(BJ18,BJ$8:BJ$63,1) -> 39 | BL18: =AT18/J18*10000 -> -1.3048566 | BM18: =_xlfn.RANK.EQ(BL18,BL$8:BL$63,1) -> 4 | BN18: =BA18/J18*10000 -> -5.3457028 | BO18: =_xlfn.RANK.EQ(BN18,BN$8:BN$63,1) -> 18 | BP18: =BM18*BL$3+BO18*BN$3 -> 11
D19: Ступино | I19: 1 | J19: 118268 | K19: 14 | L19: 23 | M19: 9 | N19: =IFERROR(M19/K19,"-") -> 0.64285714 | O19: =_xlfn.RANK.EQ(L19,L$8:L$63,0) -> 14 | P19: 12 | Q19: 22 | R19: =Q19-P19 -> 10 | S19: =IFERROR(R19/P19,"-") -> 0.83333333 | T19: =_xlfn.RANK.EQ(Q19,Q$8:Q$63,0) -> 9 | U19: 196 | V19: 312 | W19: =V19-U19 -> 116 | X19: =IFERROR(W19/U19,"-") -> 0.59183673 | Y19: =_xlfn.RANK.EQ(V19,V$8:V$63,0) -> 10 | Z19: 2437 | AA19: 1384 | AB19: =AA19-Z19 -> -1053 | AC19: =IFERROR(AB19/Z19,"-") -> -0.43208863 | AD19: =_xlfn.RANK.EQ(AA19,AA$8:AA$63,0) -> 5 | AE19: =O19*O$4+T19*T$4+Y19*Y$4+AD19*AD$4 -> 8.7 | AF19: =K19 -> 14 | AG19: =L19 -> 23 | AH19: =AG19-AF19 -> 9 | AI19: =IFERROR(AH19/AF19,"-") -> 0.64285714 | AJ19: =10000*AG19/J19 -> 1.9447357 | AK19: =_xlfn.RANK.EQ(AJ19,AJ$8:AJ$63,0) -> 5 | AL19: =P19 -> 12 | AM19: =Q19 -> 22 | AN19: =AM19-AL19 -> 10 | AO19: =IFERROR(AN19/AL19,"-") -> 0.83333333 | AP19: =10000*AM19/J19 -> 1.860182 | AQ19: =_xlfn.RANK.EQ(AP19,AP$8:AP$63,0) -> 7 | AR19: 196 | AS19: 312 | AT19: =AS19-AR19 -> 116 | AU19: =IFERROR(AT19/AR19,"-") -> 0.59183673 | AV19: =10000*AS19/J19 -> 26.380762 | AW19: =(MAX(AV$8:AV$63)-AV19)/MAX(AV$8:AV$63)*5 -> 1.9241925 | AX19: =_xlfn.RANK.EQ(AV19,AV$8:AV$63,0) -> 4 | AY19: 2437 | AZ19: 1384 | BA19: =AZ19-AY19 -> -1053 | BB19: =IFERROR(BA19/AY19,"-") -> -0.43208863 | BC19: =AZ19*10000/J19 -> 117.02236 | BD19: =(MAX(BC$8:BC$63)-BC19)/MAX(BC$8:BC$63)*5 -> 0.63575136 | BE19: =_xlfn.RANK.EQ(BC19,BC$8:BC$63,0) -> 3 | BF19: =AK19*AK$4+AQ19*AQ$4+AX19*AX$4+BE19*BE$4 -> 4.25 | BH19: =O19*O$4+T19*T$4+AX$4*AX19+BE19*BE$4 -> 5.9 | BI19: =AX$3*AX19+BE$3*BE19 -> 3.5 | BJ19: =AW19*AX$3+BD19*BE$3 -> 1.2799719 | BK19: =_xlfn.RANK.EQ(BJ19,BJ$8:BJ$63,1) -> 2 | BL19: =AT19/J19*10000 -> 9.8082322 | BM19: =_xlfn.RANK.EQ(BL19,BL$8:BL$63,1) -> 51 | BN19: =BA19/J19*10000 -> -89.035073 | BO19: =_xlfn.RANK.EQ(BN19,BN$8:BN$63,1) -> 2 | BP19: =BM19*BL$3+BO19*BN$3 -> 26.5
D20: Чехов | I20: 3 | J20: 146908 | K20: 18 | L20: 58 | M20: 40 | N20: =IFERROR(M20/K20,"-") -> 2.2222222 | O20: =_xlfn.RANK.EQ(L20,L$8:L$63,0) -> 1 | P20: 20 | Q20: 87 | R20: =Q20-P20 -> 67 | S20: =IFERROR(R20/P20,"-") -> 3.35 | T20: =_xlfn.RANK.EQ(Q20,Q$8:Q$63,0) -> 2 | U20: 239 | V20: 313 | W20: =V20-U20 -> 74 | X20: =IFERROR(W20/U20,"-") -> 0.30962343 | Y20: =_xlfn.RANK.EQ(V20,V$8:V$63,0) -> 9 | Z20: 2706 | AA20: 1216 | AB20: =AA20-Z20 -> -1490 | AC20: =IFERROR(AB20/Z20,"-") -> -0.55062823 | AD20: =_xlfn.RANK.EQ(AA20,AA$8:AA$63,0) -> 8 | AE20: =O20*O$4+T20*T$4+Y20*Y$4+AD20*AD$4 -> 6.4 | AF20: =K20 -> 18 | AG20: =L20 -> 58 | AH20: =AG20-AF20 -> 40 | AI20: =IFERROR(AH20/AF20,"-") -> 2.2222222 | AJ20: =10000*AG20/J20 -> 3.9480491 | AK20: =_xlfn.RANK.EQ(AJ20,AJ$8:AJ$63,0) -> 2 | AL20: =P20 -> 20 | AM20: =Q20 -> 87 | AN20: =AM20-AL20 -> 67 | AO20: =IFERROR(AN20/AL20,"-") -> 3.35 | AP20: =10000*AM20/J20 -> 5.9220737 | AQ20: =_xlfn.RANK.EQ(AP20,AP$8:AP$63,0) -> 2 | AR20: 239 | AS20: 313 | AT20: =AS20-AR20 -> 74 | AU20: =IFERROR(AT20/AR20,"-") -> 0.30962343 | AV20: =10000*AS20/J20 -> 21.305851 | AW20: =(MAX(AV$8:AV$63)-AV20)/MAX(AV$8:AV$63)*5 -> 2.5158907 | AX20: =_xlfn.RANK.EQ(AV20,AV$8:AV$63,0) -> 6 | AY20: 2706 | AZ20: 1216 | BA20: =AZ20-AY20 -> -1490 | BB20: =IFERROR(BA20/AY20,"-") -> -0.55062823 | BC20: =AZ20*10000/J20 -> 82.772892 | BD20: =(MAX(BC$8:BC$63)-BC20)/MAX(BC$8:BC$63)*5 -> 1.9130558 | BE20: =_xlfn.RANK.EQ(BC20,BC$8:BC$63,0) -> 6 | BF20: =AK20*AK$4+AQ20*AQ$4+AX20*AX$4+BE20*BE$4 -> 4.8 | BH20: =O20*O$4+T20*T$4+AX$4*AX20+BE20*BE$4 -> 4.65 | BI20: =AX$3*AX20+BE$3*BE20 -> 6 | BJ20: =AW20*AX$3+BD20*BE$3 -> 2.2144733 | BK20: =_xlfn.RANK.EQ(BJ20,BJ$8:BJ$63,1) -> 5 | BL20: =AT20/J20*10000 -> 5.0371661 | BM20: =_xlfn.RANK.EQ(BL20,BL$8:BL$63,1) -> 40 | BN20: =BA20/J20*10000 -> -101.42402 | BO20: =_xlfn.RANK.EQ(BN20,BN$8:BN$63,1) -> 1 | BP20: =BM20*BL$3+BO20*BN$3 -> 20.5
... D34: Дмитров | I34: 6 | J34: 164318 | K34: 29 | L34: 29 | M34: 0 | N34: =IFERROR(M34/K34,"-") -> 0 | O34: =_xlfn.RANK.EQ(L34,L$8:L$63,0) -> 8 | P34: 12 | Q34: 53 | R34: =Q34-P34 -> 41 | S34: =IFERROR(R34/P34,"-") -> 3.4166667 | T34: =_xlfn.RANK.EQ(Q34,Q$8:Q$63,0) -> 4 | U34: 44 | V34: 220 | W34: =V34-U34 -> 176 | X34: =IFERROR(W34/U34,"-") -> 4 | Y34: =_xlfn.RANK.EQ(V34,V$8:V$63,0) -> 18 | Z34: 962 | AA34: 2203 | AB34: =AA34-Z34 -> 1241 | AC34: =IFERROR(AB34/Z34,"-") -> 1.2900208 | AD34: =_xlfn.RANK.EQ(AA34,AA$8:AA$63,0) -> 2 | AE34: =O34*O$4+T34*T$4+Y34*Y$4+AD34*AD$4 -> 8.8 | AF34: =K34 -> 29 | AG34: =L34 -> 29 | AH34: =AG34-AF34 -> 0 | AI34: =IFERROR(AH34/AF34,"-") -> 0 | AJ34: =10000*AG34/J34 -> 1.7648706 | AK34: =_xlfn.RANK.EQ(AJ34,AJ$8:AJ$63,0) -> 9 | AL34: =P34 -> 12 | AM34: =Q34 -> 53 | AN34: =AM34-AL34 -> 41 | AO34: =IFERROR(AN34/AL34,"-") -> 3.4166667 | AP34: =10000*AM34/J34 -> 3.2254531 | AQ34: =_xlfn.RANK.EQ(AP34,AP$8:AP$63,0) -> 4 | AR34: 44 | AS34: 220 | AT34: =AS34-AR34 -> 176 | AU34: =IFERROR(AT34/AR34,"-") -> 4 | AV34: =10000*AS34/J34 -> 13.388673 | AW34: =(MAX(AV$8:AV$63)-AV34)/MAX(AV$8:AV$63)*5 -> 3.4389768 | AX34: =_xlfn.RANK.EQ(AV34,AV$8:AV$63,0) -> 14 | AY34: 962 | AZ34: 2203 | BA34: =AZ34-AY34 -> 1241 | BB34: =IFERROR(BA34/AY34,"-") -> 1.2900208 | BC34: =AZ34*10000/J34 -> 134.0693 | BD34: =(MAX(BC$8:BC$63)-BC34)/MAX(BC$8:BC$63)*5 -> 0 | BE34: =_xlfn.RANK.EQ(BC34,BC$8:BC$63,0) -> 1 | BF34: =AK34*AK$4+AQ34*AQ$4+AX34*AX$4+BE34*BE$4 -> 7.2 | BH34: =O34*O$4+T34*T$4+AX$4*AX34+BE34*BE$4 -> 7.05 | BI34: =AX$3*AX34+BE$3*BE34 -> 7.5 | BJ34: =AW34*AX$3+BD34*BE$3 -> 1.7194884 | BK34: =_xlfn.RANK.EQ(BJ34,BJ$8:BJ$63,1) -> 4 | BL34: =AT34/J34*10000 -> 10.710939 | BM34: =_xlfn.RANK.EQ(BL34,BL$8:BL$63,1) -> 54 | BN34: =BA34/J34*10000 -> 75.524288 | BO34: =_xlfn.RANK.EQ(BN34,BN$8:BN$63,1) -> 56 | BP34: =BM34*BL$3+BO34*BN$3 -> 55
D35: Волоколамск | J35: 65122 | K35: 14 | L35: 10 | M35: -4 | N35: =IFERROR(M35/K35,"-") -> -0.28571429 | O35: =_xlfn.RANK.EQ(L35,L$8:L$63,0) -> 24 | P35: 6 | Q35: 4 | R35: =Q35-P35 -> -2 | S35: =IFERROR(R35/P35,"-") -> -0.33333333 | T35: =_xlfn.RANK.EQ(Q35,Q$8:Q$63,0) -> 28 | U35: 45 | V35: 79 | W35: =V35-U35 -> 34 | X35: =IFERROR(W35/U35,"-") -> 0.75555556 | Y35: =_xlfn.RANK.EQ(V35,V$8:V$63,0) -> 35 | Z35: 180 | AA35: 241 | AB35: =AA35-Z35 -> 61 | AC35: =IFERROR(AB35/Z35,"-") -> 0.33888889 | AD35: =_xlfn.RANK.EQ(AA35,AA$8:AA$63,0) -> 34 | AE35: =O35*O$4+T35*T$4+Y35*Y$4+AD35*AD$4 -> 31.95 | AF35: =K35 -> 14 | AG35: =L35 -> 10 | AH35: =AG35-AF35 -> -4 | AI35: =IFERROR(AH35/AF35,"-") -> -0.28571429 | AJ35: =10000*AG35/J35 -> 1.5355794 | AK35: =_xlfn.RANK.EQ(AJ35,AJ$8:AJ$63,0) -> 11 | AL35: =P35 -> 6 | AM35: =Q35 -> 4 | AN35: =AM35-AL35 -> -2 | AO35: =IFERROR(AN35/AL35,"-") -> -0.33333333 | AP35: =10000*AM35/J35 -> 0.61423175 | AQ35: =_xlfn.RANK.EQ(AP35,AP$8:AP$63,0) -> 20 | AR35: 45 | AS35: 79 | AT35: =AS35-AR35 -> 34 | AU35: =IFERROR(AT35/AR35,"-") -> 0.75555556 | AV35: =10000*AS35/J35 -> 12.131077 | AW35: =(MAX(AV$8:AV$63)-AV35)/MAX(AV$8:AV$63)*5 -> 3.5856035 | AX35: =_xlfn.RANK.EQ(AV35,AV$8:AV$63,0) -> 17 | AY35: 180 | AZ35: 241 | BA35: =AZ35-AY35 -> 61 | BB35: =IFERROR(BA35/AY35,"-") -> 0.33888889 | BC35: =AZ35*10000/J35 -> 37.007463 | BD35: =(MAX(BC$8:BC$63)-BC35)/MAX(BC$8:BC$63)*5 -> 3.6198383 | BE35: =_xlfn.RANK.EQ(BC35,BC$8:BC$63,0) -> 17 | BF35: =AK35*AK$4+AQ35*AQ$4+AX35*AX$4+BE35*BE$4 -> 16.55 | BH35: =O35*O$4+T35*T$4+AX$4*AX35+BE35*BE$4 -> 19.7 | BI35: =AX$3*AX35+BE$3*BE35 -> 17 | BJ35: =AW35*AX$3+BD35*BE$3 -> 3.6027209 | BK35: =_xlfn.RANK.EQ(BJ35,BJ$8:BJ$63,1) -> 17 | BL35: =AT35/J35*10000 -> 5.2209699 | BM35: =_xlfn.RANK.EQ(BL35,BL$8:BL$63,1) -> 44 | BN35: =BA35/J35*10000 -> 9.3670342 | BO35: =_xlfn.RANK.EQ(BN35,BN$8:BN$63,1) -> 48 | BP35: =BM35*BL$3+BO35*BN$3 -> 46
D36: Воскресенск | J36: 160613 | K36: 32 | L36: 28 | M36: -4 | N36: =IFERROR(M36/K36,"-") -> -0.125 | O36: =_xlfn.RANK.EQ(L36,L$8:L$63,0) -> 12 | P36: 15 | Q36: 6 | R36: =Q36-P36 -> -9 | S36: =IFERROR(R36/P36,"-") -> -0.6 | T36: =_xlfn.RANK.EQ(Q36,Q$8:Q$63,0) -> 23 | U36: 128 | V36: 242 | W36: =V36-U36 -> 114 | X36: =IFERROR(W36/U36,"-") -> 0.890625 | Y36: =_xlfn.RANK.EQ(V36,V$8:V$63,0) -> 16 | Z36: 638 | AA36: 688 | AB36: =AA36-Z36 -> 50 | AC36: =IFERROR(AB36/Z36,"-") -> 0.078369906 | AD36: =_xlfn.RANK.EQ(AA36,AA$8:AA$63,0) -> 16 | AE36: =O36*O$4+T36*T$4+Y36*Y$4+AD36*AD$4 -> 16.45 | AF36: =K36 -> 32 | AG36: =L36 -> 28 | AH36: =AG36-AF36 -> -4 | AI36: =IFERROR(AH36/AF36,"-") -> -0.125 | AJ36: =10000*AG36/J36 -> 1.7433209 | AK36: =_xlfn.RANK.EQ(AJ36,AJ$8:AJ$63,0) -> 10 | AL36: =P36 -> 15 | AM36: =Q36 -> 6 | AN36: =AM36-AL36 -> -9 | AO36: =IFERROR(AN36/AL36,"-") -> -0.6 | AP36: =10000*AM36/J36 -> 0.37356876 | AQ36: =_xlfn.RANK.EQ(AP36,AP$8:AP$63,0) -> 24 | AR36: 128 | AS36: 242 | AT36: =AS36-AR36 -> 114 | AU36: =IFERROR(AT36/AR36,"-") -> 0.890625 | AV36: =10000*AS36/J36 -> 15.067274 | AW36: =(MAX(AV$8:AV$63)-AV36)/MAX(AV$8:AV$63)*5 -> 3.2432641 | AX36: =_xlfn.RANK.EQ(AV36,AV$8:AV$63,0) -> 11 | AY36: 638 | AZ36: 688 | BA36: =AZ36-AY36 -> 50 | BB36: =IFERROR(BA36/AY36,"-") -> 0.078369906 | BC36: =AZ36*10000/J36 -> 42.835885 | BD36: =(MAX(BC$8:BC$63)-BC36)/MAX(BC$8:BC$63)*5 -> 3.4024723 | BE36: =_xlfn.RANK.EQ(BC36,BC$8:BC$63,0) -> 14 | BF36: =AK36*AK$4+AQ36*AQ$4+AX36*AX$4+BE36*BE$4 -> 13.85 | BH36: =O36*O$4+T36*T$4+AX$4*AX36+BE36*BE$4 -> 14 | BI36: =AX$3*AX36+BE$3*BE36 -> 12.5 | BJ36: =AW36*AX$3+BD36*BE$3 -> 3.3228682 | BK36: =_xlfn.RANK.EQ(BJ36,BJ$8:BJ$63,1) -> 15 | BL36: =AT36/J36*10000 -> 7.0978065 | BM36: =_xlfn.RANK.EQ(BL36,BL$8:BL$63,1) -> 49 | BN36: =BA36/J36*10000 -> 3.113073 | BO36: =_xlfn.RANK.EQ(BN36,BN$8:BN$63,1) -> 42 | BP36: =BM36*BL$3+BO36*BN$3 -> 45.5
D37: Егорьевск | J37: 111398 | K37: 15 | L37: 9 | M37: -6 | N37: =IFERROR(M37/K37,"-") -> -0.4 | O37: =_xlfn.RANK.EQ(L37,L$8:L$63,0) -> 25 | P37: 6 | Q37: 0 | R37: =Q37-P37 -> -6 | S37: =IFERROR(R37/P37,"-") -> -1 | T37: =_xlfn.RANK.EQ(Q37,Q$8:Q$63,0) -> 38 | U37: 102 | V37: 101 | W37: =V37-U37 -> -1 | X37: =IFERROR(W37/U37,"-") -> -0.0098039216 | Y37: =_xlfn.RANK.EQ(V37,V$8:V$63,0) -> 32 | Z37: 494 | AA37: 274 | AB37: =AA37-Z37 -> -220 | AC37: =IFERROR(AB37/Z37,"-") -> -0.44534413 | AD37: =_xlfn.RANK.EQ(AA37,AA$8:AA$63,0) -> 32 | AE37: =O37*O$4+T37*T$4+Y37*Y$4+AD37*AD$4 -> 31.85 | AF37: =K37 -> 15 | AG37: =L37 -> 9 | AH37: =AG37-AF37 -> -6 | AI37: =IFERROR(AH37/AF37,"-") -> -0.4 | AJ37: =10000*AG37/J37 -> 0.80791397 | AK37: =_xlfn.RANK.EQ(AJ37,AJ$8:AJ$63,0) -> 24 | AL37: =P37 -> 6 | AM37: =Q37 -> 0 | AN37: =AM37-AL37 -> -6 | AO37: =IFERROR(AN37/AL37,"-") -> -1 | AP37: =10000*AM37/J37 -> 0 | AQ37: =_xlfn.RANK.EQ(AP37,AP$8:AP$63,0) -> 38 | AR37: 102 | AS37: 101 | AT37: =AS37-AR37 -> -1 | AU37: =IFERROR(AT37/AR37,"-") -> -0.0098039216 | AV37: =10000*AS37/J37 -> 9.0665901 | AW37: =(MAX(AV$8:AV$63)-AV37)/MAX(AV$8:AV$63)*5 -> 3.9429007 | AX37: =_xlfn.RANK.EQ(AV37,AV$8:AV$63,0) -> 26 | AY37: 494 | AZ37: 274 | BA37: =AZ37-AY37 -> -220 | BB37: =IFERROR(BA37/AY37,"-") -> -0.44534413 | BC37: =AZ37*10000/J37 -> 24.596492 | BD37: =(MAX(BC$8:BC$63)-BC37)/MAX(BC$8:BC$63)*5 -> 4.0826949 | BE37: =_xlfn.RANK.EQ(BC37,BC$8:BC$63,0) -> 28 | BF37: =AK37*AK$4+AQ37*AQ$4+AX37*AX$4+BE37*BE$4 -> 28.2 | BH37: =O37*O$4+T37*T$4+AX$4*AX37+BE37*BE$4 -> 28.35 | BI37: =AX$3*AX37+BE$3*BE37 -> 27 | BJ37: =AW37*AX$3+BD37*BE$3 -> 4.0127978 | BK37: =_xlfn.RANK.EQ(BJ37,BJ$8:BJ$63,1) -> 28 | BL37: =AT37/J37*10000 -> -0.089768218 | BM37: =_xlfn.RANK.EQ(BL37,BL$8:BL$63,1) -> 14 | BN37: =BA37/J37*10000 -> -19.749008 | BO37: =_xlfn.RANK.EQ(BN37,BN$8:BN$63,1) -> 10 | BP37: =BM37*BL$3+BO37*BN$3 -> 12
D38: Коломна | J38: 214925 | K38: 9 | L38: 12 | M38: 3 | N38: =IFERROR(M38/K38,"-") -> 0.33333333 | O38: =_xlfn.RANK.EQ(L38,L$8:L$63,0) -> 22 | P38: 12 | Q38: 1 | R38: =Q38-P38 -> -11 | S38: =IFERROR(R38/P38,"-") -> -0.91666667 | T38: =_xlfn.RANK.EQ(Q38,Q$8:Q$63,0) -> 36 | U38: 142 | V38: 171 | W38: =V38-U38 -> 29 | X38: =IFERROR(W38/U38,"-") -> 0.20422535 | Y38: =_xlfn.RANK.EQ(V38,V$8:V$63,0) -> 24 | Z38: 472 | AA38: 355 | AB38: =AA38-Z38 -> -117 | AC38: =IFERROR(AB38/Z38,"-") -> -0.24788136 | AD38: =_xlfn.RANK.EQ(AA38,AA$8:AA$63,0) -> 29 | AE38: =O38*O$4+T38*T$4+Y38*Y$4+AD38*AD$4 -> 27.25 | AF38: =K38 -> 9 | AG38: =L38 -> 12 | AH38: =AG38-AF38 -> 3 | AI38: =IFERROR(AH38/AF38,"-") -> 0.33333333 | AJ38: =10000*AG38/J38 -> 0.5583343 | AK38: =_xlfn.RANK.EQ(AJ38,AJ$8:AJ$63,0) -> 31 | AL38: =P38 -> 12 | AM38: =Q38 -> 1 | AN38: =AM38-AL38 -> -11 | AO38: =IFERROR(AN38/AL38,"-") -> -0.91666667 | AP38: =10000*AM38/J38 -> 0.046527859 | AQ38: =_xlfn.RANK.EQ(AP38,AP$8:AP$63,0) -> 37 | AR38: 142 | AS38: 171 | AT38: =AS38-AR38 -> 29 | AU38: =IFERROR(AT38/AR38,"-") -> 0.20422535 | AV38: =10000*AS38/J38 -> 7.9562638 | AW38: =(MAX(AV$8:AV$63)-AV38)/MAX(AV$8:AV$63)*5 -> 4.0723568 | AX38: =_xlfn.RANK.EQ(AV38,AV$8:AV$63,0) -> 33 | AY38: 472 | AZ38: 355 | BA38: =AZ38-AY38 -> -117 | BB38: =IFERROR(BA38/AY38,"-") -> -0.24788136 | BC38: =AZ38*10000/J38 -> 16.51739 | BD38: =(MAX(BC$8:BC$63)-BC38)/MAX(BC$8:BC$63)*5 -> 4.3839981 | BE38: =_xlfn.RANK.EQ(BC38,BC$8:BC$63,0) -> 40 | BF38: =AK38*AK$4+AQ38*AQ$4+AX38*AX$4+BE38*BE$4 -> 35.75 | BH38: =O38*O$4+T38*T$4+AX$4*AX38+BE38*BE$4 -> 34.25 | BI38: =AX$3*AX38+BE$3*BE38 -> 36.5 | BJ38: =AW38*AX$3+BD38*BE$3 -> 4.2281774 | BK38: =_xlfn.RANK.EQ(BJ38,BJ$8:BJ$63,1) -> 40 | BL38: =AT38/J38*10000 -> 1.3493079 | BM38: =_xlfn.RANK.EQ(BL38,BL$8:BL$63,1) -> 22 | BN38: =BA38/J38*10000 -> -5.4437595 | BO38: =_xlfn.RANK.EQ(BN38,BN$8:BN$63,1) -> 17 | BP38: =BM38*BL$3+BO38*BN$3 -> 19.5
D39: Лосино-Петровский | J39: 70669 | K39: 0 | L39: 0 | M39: 0 | N39: =IFERROR(M39/K39,"-") -> - | O39: =_xlfn.RANK.EQ(L39,L$8:L$63,0) -> 47 | P39: 0 | Q39: 2 | R39: =Q39-P39 -> 2 | S39: =IFERROR(R39/P39,"-") -> - | T39: =_xlfn.RANK.EQ(Q39,Q$8:Q$63,0) -> 31 | U39: 19 | V39: 55 | W39: =V39-U39 -> 36 | X39: =IFERROR(W39/U39,"-") -> 1.8947368 | Y39: =_xlfn.RANK.EQ(V39,V$8:V$63,0) -> 39 | Z39: 174 | AA39: 145 | AB39: =AA39-Z39 -> -29 | AC39: =IFERROR(AB39/Z39,"-") -> -0.16666667 | AD39: =_xlfn.RANK.EQ(AA39,AA$8:AA$63,0) -> 41 | AE39: =O39*O$4+T39*T$4+Y39*Y$4+AD39*AD$4 -> 39.7 | AF39: =K39 -> 0 | AG39: =L39 -> 0 | AH39: =AG39-AF39 -> 0 | AI39: =IFERROR(AH39/AF39,"-") -> - | AJ39: =10000*AG39/J39 -> 0 | AK39: =_xlfn.RANK.EQ(AJ39,AJ$8:AJ$63,0) -> 47 | AL39: =P39 -> 0 | AM39: =Q39 -> 2 | AN39: =AM39-AL39 -> 2 | AO39: =IFERROR(AN39/AL39,"-") -> - | AP39: =10000*AM39/J39 -> 0.28300952 | AQ39: =_xlfn.RANK.EQ(AP39,AP$8:AP$63,0) -> 29 | AR39: 19 | AS39: 55 | AT39: =AS39-AR39 -> 36 | AU39: =IFERROR(AT39/AR39,"-") -> 1.8947368 | AV39: =10000*AS39/J39 -> 7.7827619 | AW39: =(MAX(AV$8:AV$63)-AV39)/MAX(AV$8:AV$63)*5 -> 4.0925858 | AX39: =_xlfn.RANK.EQ(AV39,AV$8:AV$63,0) -> 34 | AY39: 174 | AZ39: 145 | BA39: =AZ39-AY39 -> -29 | BB39: =IFERROR(BA39/AY39,"-") -> -0.16666667 | BC39: =AZ39*10000/J39 -> 20.51819 | BD39: =(MAX(BC$8:BC$63)-BC39)/MAX(BC$8:BC$63)*5 -> 4.2347916 | BE39: =_xlfn.RANK.EQ(BC39,BC$8:BC$63,0) -> 36 | BF39: =AK39*AK$4+AQ39*AQ$4+AX39*AX$4+BE39*BE$4 -> 35.9 | BH39: =O39*O$4+T39*T$4+AX$4*AX39+BE39*BE$4 -> 36.2 | BI39: =AX$3*AX39+BE$3*BE39 -> 35 | BJ39: =AW39*AX$3+BD39*BE$3 -> 4.1636887 | BK39: =_xlfn.RANK.EQ(BJ39,BJ$8:BJ$63,1) -> 38 | BL39: =AT39/J39*10000 -> 5.0941714 | BM39: =_xlfn.RANK.EQ(BL39,BL$8:BL$63,1) -> 42 | BN39: =BA39/J39*10000 -> -4.1036381 | BO39: =_xlfn.RANK.EQ(BN39,BN$8:BN$63,1) -> 19 | BP39: =BM39*BL$3+BO39*BN$3 -> 30.5
D40: Луховицы | J40: 60722 | K40: 4 | L40: 7 | M40: 3 | N40: =IFERROR(M40/K40,"-") -> 0.75 | O40: =_xlfn.RANK.EQ(L40,L$8:L$63,0) -> 27 | P40: 3 | Q40: 2 | R40: =Q40-P40 -> -1 | S40: =IFERROR(R40/P40,"-") -> -0.33333333 | T40: =_xlfn.RANK.EQ(Q40,Q$8:Q$63,0) -> 31 | U40: 83 | V40: 116 | W40: =V40-U40 -> 33 | X40: =IFERROR(W40/U40,"-") -> 0.39759036 | Y40: =_xlfn.RANK.EQ(V40,V$8:V$63,0) -> 29 | Z40: 270 | AA40: 194 | AB40: =AA40-Z40 -> -76 | AC40: =IFERROR(AB40/Z40,"-") -> -0.28148148 | AD40: =_xlfn.RANK.EQ(AA40,AA$8:AA$63,0) -> 38 | AE40: =O40*O$4+T40*T$4+Y40*Y$4+AD40*AD$4 -> 32.15 | AF40: =K40 -> 4 | AG40: =L40 -> 7 | AH40: =AG40-AF40 -> 3 | AI40: =IFERROR(AH40/AF40,"-") -> 0.75 | AJ40: =10000*AG40/J40 -> 1.1527947 | AK40: =_xlfn.RANK.EQ(AJ40,AJ$8:AJ$63,0) -> 15 | AL40: =P40 -> 3 | AM40: =Q40 -> 2 | AN40: =AM40-AL40 -> -1 | AO40: =IFERROR(AN40/AL40,"-") -> -0.33333333 | AP40: =10000*AM40/J40 -> 0.32936992 | AQ40: =_xlfn.RANK.EQ(AP40,AP$8:AP$63,0) -> 28 | AR40: 83 | AS40: 116 | AT40: =AS40-AR40 -> 33 | AU40: =IFERROR(AT40/AR40,"-") -> 0.39759036 | AV40: =10000*AS40/J40 -> 19.103455 | AW40: =(MAX(AV$8:AV$63)-AV40)/MAX(AV$8:AV$63)*5 -> 2.7726743 | AX40: =_xlfn.RANK.EQ(AV40,AV$8:AV$63,0) -> 8 | AY40: 270 | AZ40: 194 | BA40: =AZ40-AY40 -> -76 | BB40: =IFERROR(BA40/AY40,"-") -> -0.28148148 | BC40: =AZ40*10000/J40 -> 31.948882 | BD40: =(MAX(BC$8:BC$63)-BC40)/MAX(BC$8:BC$63)*5 -> 3.8084938 | BE40: =_xlfn.RANK.EQ(BC40,BC$8:BC$63,0) -> 24 | BF40: =AK40*AK$4+AQ40*AQ$4+AX40*AX$4+BE40*BE$4 -> 17.65 | BH40: =O40*O$4+T40*T$4+AX$4*AX40+BE40*BE$4 -> 19.9 | BI40: =AX$3*AX40+BE$3*BE40 -> 16 | BJ40: =AW40*AX$3+BD40*BE$3 -> 3.290584 | BK40: =_xlfn.RANK.EQ(BJ40,BJ$8:BJ$63,1) -> 14 | BL40: =AT40/J40*10000 -> 5.4346036 | BM40: =_xlfn.RANK.EQ(BL40,BL$8:BL$63,1) -> 45 | BN40: =BA40/J40*10000 -> -12.516057 | BO40: =_xlfn.RANK.EQ(BN40,BN$8:BN$63,1) -> 12 | BP40: =BM40*BL$3+BO40*BN$3 -> 28.5
D41: Можайск | J41: 92519 | K41: 17 | L41: 13 | M41: -4 | N41: =IFERROR(M41/K41,"-") -> -0.23529412 | O41: =_xlfn.RANK.EQ(L41,L$8:L$63,0) -> 21 | P41: 1 | Q41: 2 | R41: =Q41-P41 -> 1 | S41: =IFERROR(R41/P41,"-") -> 1 | T41: =_xlfn.RANK.EQ(Q41,Q$8:Q$63,0) -> 31 | U41: 42 | V41: 81 | W41: =V41-U41 -> 39 | X41: =IFERROR(W41/U41,"-") -> 0.92857143 | Y41: =_xlfn.RANK.EQ(V41,V$8:V$63,0) -> 34 | Z41: 245 | AA41: 208 | AB41: =AA41-Z41 -> -37 | AC41: =IFERROR(AB41/Z41,"-") -> -0.15102041 | AD41: =_xlfn.RANK.EQ(AA41,AA$8:AA$63,0) -> 37 | AE41: =O41*O$4+T41*T$4+Y41*Y$4+AD41*AD$4 -> 32.65 | AF41: =K41 -> 17 | AG41: =L41 -> 13 | AH41: =AG41-AF41 -> -4 | AI41: =IFERROR(AH41/AF41,"-") -> -0.23529412 | AJ41: =10000*AG41/J41 -> 1.4051168 | AK41: =_xlfn.RANK.EQ(AJ41,AJ$8:AJ$63,0) -> 13 | AL41: =P41 -> 1 | AM41: =Q41 -> 2 | AN41: =AM41-AL41 -> 1 | AO41: =IFERROR(AN41/AL41,"-") -> 1 | AP41: =10000*AM41/J41 -> 0.21617181 | AQ41: =_xlfn.RANK.EQ(AP41,AP$8:AP$63,0) -> 31 | AR41: 42 | AS41: 81 | AT41: =AS41-AR41 -> 39 | AU41: =IFERROR(AT41/AR41,"-") -> 0.92857143 | AV41: =10000*AS41/J41 -> 8.7549584 | AW41: =(MAX(AV$8:AV$63)-AV41)/MAX(AV$8:AV$63)*5 -> 3.9792347 | AX41: =_xlfn.RANK.EQ(AV41,AV$8:AV$63,0) -> 29 | AY41: 245 | AZ41: 208 | BA41: =AZ41-AY41 -> -37 | BB41: =IFERROR(BA41/AY41,"-") -> -0.15102041 | BC41: =AZ41*10000/J41 -> 22.481869 | BD41: =(MAX(BC$8:BC$63)-BC41)/MAX(BC$8:BC$63)*5 -> 4.1615579 | BE41: =_xlfn.RANK.EQ(BC41,BC$8:BC$63,0) -> 34 | BF41: =AK41*AK$4+AQ41*AQ$4+AX41*AX$4+BE41*BE$4 -> 28.65 | BH41: =O41*O$4+T41*T$4+AX$4*AX41+BE41*BE$4 -> 29.85 | BI41: =AX$3*AX41+BE$3*BE41 -> 31.5 | BJ41: =AW41*AX$3+BD41*BE$3 -> 4.0703963 | BK41: =_xlfn.RANK.EQ(BJ41,BJ$8:BJ$63,1) -> 31 | BL41: =AT41/J41*10000 -> 4.2153504 | BM41: =_xlfn.RANK.EQ(BL41,BL$8:BL$63,1) -> 38 | BN41: =BA41/J41*10000 -> -3.9991785 | BO41: =_xlfn.RANK.EQ(BN41,BN$8:BN$63,1) -> 20 | BP41: =BM41*BL$3+BO41*BN$3 -> 29
D42: Мытищи | J42: 299964 | K42: 20 | L42: 23 | M42: 3 | N42: =IFERROR(M42/K42,"-") -> 0.15 | O42: =_xlfn.RANK.EQ(L42,L$8:L$63,0) -> 14 | P42: 12 | Q42: 26 | R42: =Q42-P42 -> 14 | S42: =IFERROR(R42/P42,"-") -> 1.1666667 | T42: =_xlfn.RANK.EQ(Q42,Q$8:Q$63,0) -> 7 | U42: 226 | V42: 252 | W42: =V42-U42 -> 26 | X42: =IFERROR(W42/U42,"-") -> 0.11504425 | Y42: =_xlfn.RANK.EQ(V42,V$8:V$63,0) -> 15 | Z42: 858 | AA42: 687 | AB42: =AA42-Z42 -> -171 | AC42: =IFERROR(AB42/Z42,"-") -> -0.1993007 | AD42: =_xlfn.RANK.EQ(AA42,AA$8:AA$63,0) -> 17 | AE42: =O42*O$4+T42*T$4+Y42*Y$4+AD42*AD$4 -> 14.35 | AF42: =K42 -> 20 | AG42: =L42 -> 23 | AH42: =AG42-AF42 -> 3 | AI42: =IFERROR(AH42/AF42,"-") -> 0.15 | AJ42: =10000*AG42/J42 -> 0.76675868 | AK42: =_xlfn.RANK.EQ(AJ42,AJ$8:AJ$63,0) -> 25 | AL42: =P42 -> 12 | AM42: =Q42 -> 26 | AN42: =AM42-AL42 -> 14 | AO42: =IFERROR(AN42/AL42,"-") -> 1.1666667 | AP42: =10000*AM42/J42 -> 0.86677068 | AQ42: =_xlfn.RANK.EQ(AP42,AP$8:AP$63,0) -> 15 | AR42: 226 | AS42: 252 | AT42: =AS42-AR42 -> 26 | AU42: =IFERROR(AT42/AR42,"-") -> 0.11504425 | AV42: =10000*AS42/J42 -> 8.4010081 | AW42: =(MAX(AV$8:AV$63)-AV42)/MAX(AV$8:AV$63)*5 -> 4.0205028 | AX42: =_xlfn.RANK.EQ(AV42,AV$8:AV$63,0) -> 32 | AY42: 858 | AZ42: 687 | BA42: =AZ42-AY42 -> -171 | BB42: =IFERROR(BA42/AY42,"-") -> -0.1993007 | BC42: =AZ42*10000/J42 -> 22.902748 | BD42: =(MAX(BC$8:BC$63)-BC42)/MAX(BC$8:BC$63)*5 -> 4.1458616 | BE42: =_xlfn.RANK.EQ(BC42,BC$8:BC$63,0) -> 32 | BF42: =AK42*AK$4+AQ42*AQ$4+AX42*AX$4+BE42*BE$4 -> 28.4 | BH42: =O42*O$4+T42*T$4+AX$4*AX42+BE42*BE$4 -> 25.55 | BI42: =AX$3*AX42+BE$3*BE42 -> 32 | BJ42: =AW42*AX$3+BD42*BE$3 -> 4.0831822 | BK42: =_xlfn.RANK.EQ(BJ42,BJ$8:BJ$63,1) -> 32 | BL42: =AT42/J42*10000 -> 0.86677068 | BM42: =_xlfn.RANK.EQ(BL42,BL$8:BL$63,1) -> 19 | BN42: =BA42/J42*10000 -> -5.7006841 | BO42: =_xlfn.RANK.EQ(BN42,BN$8:BN$63,1) -> 16 | BP42: =BM42*BL$3+BO42*BN$3 -> 17.5
D43: Наро-Фоминск | J43: 194589 | K43: 28 | L43: 29 | M43: 1 | N43: =IFERROR(M43/K43,"-") -> 0.035714286 | O43: =_xlfn.RANK.EQ(L43,L$8:L$63,0) -> 8 | P43: 9 | Q43: 16 | R43: =Q43-P43 -> 7 | S43: =IFERROR(R43/P43,"-") -> 0.77777778 | T43: =_xlfn.RANK.EQ(Q43,Q$8:Q$63,0) -> 14 | U43: 347 | V43: 424 | W43: =V43-U43 -> 77 | X43: =IFERROR(W43/U43,"-") -> 0.22190202 | Y43: =_xlfn.RANK.EQ(V43,V$8:V$63,0) -> 6 | Z43: 946 | AA43: 1098 | AB43: =AA43-Z43 -> 152 | AC43: =IFERROR(AB43/Z43,"-") -> 0.16067653 | AD43: =_xlfn.RANK.EQ(AA43,AA$8:AA$63,0) -> 10 | AE43: =O43*O$4+T43*T$4+Y43*Y$4+AD43*AD$4 -> 8.9 | AF43: =K43 -> 28 | AG43: =L43 -> 29 | AH43: =AG43-AF43 -> 1 | AI43: =IFERROR(AH43/AF43,"-") -> 0.035714286 | AJ43: =10000*AG43/J43 -> 1.4903206 | AK43: =_xlfn.RANK.EQ(AJ43,AJ$8:AJ$63,0) -> 12 | AL43: =P43 -> 9 | AM43: =Q43 -> 16 | AN43: =AM43-AL43 -> 7 | AO43: =IFERROR(AN43/AL43,"-") -> 0.77777778 | AP43: =10000*AM43/J43 -> 0.82224586 | AQ43: =_xlfn.RANK.EQ(AP43,AP$8:AP$63,0) -> 16 | AR43: 347 | AS43: 424 | AT43: =AS43-AR43 -> 77 | AU43: =IFERROR(AT43/AR43,"-") -> 0.22190202 | AV43: =10000*AS43/J43 -> 21.789515 | AW43: =(MAX(AV$8:AV$63)-AV43)/MAX(AV$8:AV$63)*5 -> 2.459499 | AX43: =_xlfn.RANK.EQ(AV43,AV$8:AV$63,0) -> 5 | AY43: 946 | AZ43: 1098 | BA43: =AZ43-AY43 -> 152 | BB43: =IFERROR(BA43/AY43,"-") -> 0.16067653 | BC43: =AZ43*10000/J43 -> 56.426622 | BD43: =(MAX(BC$8:BC$63)-BC43)/MAX(BC$8:BC$63)*5 -> 2.8956174 | BE43: =_xlfn.RANK.EQ(BC43,BC$8:BC$63,0) -> 11 | BF43: =AK43*AK$4+AQ43*AQ$4+AX43*AX$4+BE43*BE$4 -> 9.8 | BH43: =O43*O$4+T43*T$4+AX$4*AX43+BE43*BE$4 -> 8.9 | BI43: =AX$3*AX43+BE$3*BE43 -> 8 | BJ43: =AW43*AX$3+BD43*BE$3 -> 2.6775582 | BK43: =_xlfn.RANK.EQ(BJ43,BJ$8:BJ$63,1) -> 9 | BL43: =AT43/J43*10000 -> 3.9570582 | BM43: =_xlfn.RANK.EQ(BL43,BL$8:BL$63,1) -> 37 | BN43: =BA43/J43*10000 -> 7.8113357 | BO43: =_xlfn.RANK.EQ(BN43,BN$8:BN$63,1) -> 46 | BP43: =BM43*BL$3+BO43*BN$3 -> 41.5
D44: Пушкино | J44: 300650 | K44: 25 | L44: 29 | M44: 4 | N44: =IFERROR(M44/K44,"-") -> 0.16 | O44: =_xlfn.RANK.EQ(L44,L$8:L$63,0) -> 8 | P44: 57 | Q44: 4 | R44: =Q44-P44 -> -53 | S44: =IFERROR(R44/P44,"-") -> -0.92982456 | T44: =_xlfn.RANK.EQ(Q44,Q$8:Q$63,0) -> 28 | U44: 318 | V44: 358 | W44: =V44-U44 -> 40 | X44: =IFERROR(W44/U44,"-") -> 0.12578616 | Y44: =_xlfn.RANK.EQ(V44,V$8:V$63,0) -> 7 | Z44: 1284 | AA44: 988 | AB44: =AA44-Z44 -> -296 | AC44: =IFERROR(AB44/Z44,"-") -> -0.2305296 | AD44: =_xlfn.RANK.EQ(AA44,AA$8:AA$63,0) -> 11 | AE44: =O44*O$4+T44*T$4+Y44*Y$4+AD44*AD$4 -> 11.7 | AF44: =K44 -> 25 | AG44: =L44 -> 29 | AH44: =AG44-AF44 -> 4 | AI44: =IFERROR(AH44/AF44,"-") -> 0.16 | AJ44: =10000*AG44/J44 -> 0.96457675 | AK44: =_xlfn.RANK.EQ(AJ44,AJ$8:AJ$63,0) -> 16 | AL44: =P44 -> 57 | AM44: =Q44 -> 4 | AN44: =AM44-AL44 -> -53 | AO44: =IFERROR(AN44/AL44,"-") -> -0.92982456 | AP44: =10000*AM44/J44 -> 0.13304507 | AQ44: =_xlfn.RANK.EQ(AP44,AP$8:AP$63,0) -> 33 | AR44: 318 | AS44: 358 | AT44: =AS44-AR44 -> 40 | AU44: =IFERROR(AT44/AR44,"-") -> 0.12578616 | AV44: =10000*AS44/J44 -> 11.907534 | AW44: =(MAX(AV$8:AV$63)-AV44)/MAX(AV$8:AV$63)*5 -> 3.6116671 | AX44: =_xlfn.RANK.EQ(AV44,AV$8:AV$63,0) -> 21 | AY44: 1284 | AZ44: 988 | BA44: =AZ44-AY44 -> -296 | BB44: =IFERROR(BA44/AY44,"-") -> -0.2305296 | BC44: =AZ44*10000/J44 -> 32.862132 | BD44: =(MAX(BC$8:BC$63)-BC44)/MAX(BC$8:BC$63)*5 -> 3.7744349 | BE44: =_xlfn.RANK.EQ(BC44,BC$8:BC$63,0) -> 22 | BF44: =AK44*AK$4+AQ44*AQ$4+AX44*AX$4+BE44*BE$4 -> 22.4 | BH44: =O44*O$4+T44*T$4+AX$4*AX44+BE44*BE$4 -> 20.45 | BI44: =AX$3*AX44+BE$3*BE44 -> 21.5 | BJ44: =AW44*AX$3+BD44*BE$3 -> 3.693051 | BK44: =_xlfn.RANK.EQ(BJ44,BJ$8:BJ$63,1) -> 21 | BL44: =AT44/J44*10000 -> 1.3304507 | BM44: =_xlfn.RANK.EQ(BL44,BL$8:BL$63,1) -> 21 | BN44: =BA44/J44*10000 -> -9.8453351 | BO44: =_xlfn.RANK.EQ(BN44,BN$8:BN$63,1) -> 13 | BP44: =BM44*BL$3+BO44*BN$3 -> 17
D45: Раменское | J45: 334391 | K45: 47 | L45: 31 | M45: -16 | N45: =IFERROR(M45/K45,"-") -> -0.34042553 | O45: =_xlfn.RANK.EQ(L45,L$8:L$63,0) -> 7 | P45: 53 | Q45: 71 | R45: =Q45-P45 -> 18 | S45: =IFERROR(R45/P45,"-") -> 0.33962264 | T45: =_xlfn.RANK.EQ(Q45,Q$8:Q$63,0) -> 3 | U45: 787 | V45: 709 | W45: =V45-U45 -> -78 | X45: =IFERROR(W45/U45,"-") -> -0.099110546 | Y45: =_xlfn.RANK.EQ(V45,V$8:V$63,0) -> 1 | Z45: 4445 | AA45: 2581 | AB45: =AA45-Z45 -> -1864 | AC45: =IFERROR(AB45/Z45,"-") -> -0.41934758 | AD45: =_xlfn.RANK.EQ(AA45,AA$8:AA$63,0) -> 1 | AE45: =O45*O$4+T45*T$4+Y45*Y$4+AD45*AD$4 -> 2.2 | AF45: =K45 -> 47 | AG45: =L45 -> 31 | AH45: =AG45-AF45 -> -16 | AI45: =IFERROR(AH45/AF45,"-") -> -0.34042553 | AJ45: =10000*AG45/J45 -> 0.92705844 | AK45: =_xlfn.RANK.EQ(AJ45,AJ$8:AJ$63,0) -> 17 | AL45: =P45 -> 53 | AM45: =Q45 -> 71 | AN45: =AM45-AL45 -> 18 | AO45: =IFERROR(AN45/AL45,"-") -> 0.33962264 | AP45: =10000*AM45/J45 -> 2.1232629 | AQ45: =_xlfn.RANK.EQ(AP45,AP$8:AP$63,0) -> 5 | AR45: 787 | AS45: 709 | AT45: =AS45-AR45 -> -78 | AU45: =IFERROR(AT45/AR45,"-") -> -0.099110546 | AV45: =10000*AS45/J45 -> 21.202724 | AW45: =(MAX(AV$8:AV$63)-AV45)/MAX(AV$8:AV$63)*5 -> 2.5279147 | AX45: =_xlfn.RANK.EQ(AV45,AV$8:AV$63,0) -> 7 | AY45: 4445 | AZ45: 2581 | BA45: =AZ45-AY45 -> -1864 | BB45: =IFERROR(BA45/AY45,"-") -> -0.41934758 | BC45: =AZ45*10000/J45 -> 77.185092 | BD45: =(MAX(BC$8:BC$63)-BC45)/MAX(BC$8:BC$63)*5 -> 2.121448 | BE45: =_xlfn.RANK.EQ(BC45,BC$8:BC$63,0) -> 7 | BF45: =AK45*AK$4+AQ45*AQ$4+AX45*AX$4+BE45*BE$4 -> 8.2 | BH45: =O45*O$4+T45*T$4+AX$4*AX45+BE45*BE$4 -> 6.4 | BI45: =AX$3*AX45+BE$3*BE45 -> 7 | BJ45: =AW45*AX$3+BD45*BE$3 -> 2.3246814 | BK45: =_xlfn.RANK.EQ(BJ45,BJ$8:BJ$63,1) -> 6 | BL45: =AT45/J45*10000 -> -2.3325987 | BM45: =_xlfn.RANK.EQ(BL45,BL$8:BL$63,1) -> 3 | BN45: =BA45/J45*10000 -> -55.743127 | BO45: =_xlfn.RANK.EQ(BN45,BN$8:BN$63,1) -> 3 | BP45: =BM45*BL$3+BO45*BN$3 -> 3
D46: Солнечногорск | J46: 133149 | K46: 45 | L46: 34 | M46: -11 | N46: =IFERROR(M46/K46,"-") -> -0.24444444 | O46: =_xlfn.RANK.EQ(L46,L$8:L$63,0) -> 4 | P46: 30 | Q46: 45 | R46: =Q46-P46 -> 15 | S46: =IFERROR(R46/P46,"-") -> 0.5 | T46: =_xlfn.RANK.EQ(Q46,Q$8:Q$63,0) -> 5 | U46: 432 | V46: 571 | W46: =V46-U46 -> 139 | X46: =IFERROR(W46/U46,"-") -> 0.32175926 | Y46: =_xlfn.RANK.EQ(V46,V$8:V$63,0) -> 3 | Z46: 2141 | AA46: 1703 | AB46: =AA46-Z46 -> -438 | AC46: =IFERROR(AB46/Z46,"-") -> -0.2045773 | AD46: =_xlfn.RANK.EQ(AA46,AA$8:AA$63,0) -> 3 | AE46: =O46*O$4+T46*T$4+Y46*Y$4+AD46*AD$4 -> 3.45 | AF46: =K46 -> 45 | AG46: =L46 -> 34 | AH46: =AG46-AF46 -> -11 | AI46: =IFERROR(AH46/AF46,"-") -> -0.24444444 | AJ46: =10000*AG46/J46 -> 2.5535303 | AK46: =_xlfn.RANK.EQ(AJ46,AJ$8:AJ$63,0) -> 4 | AL46: =P46 -> 30 | AM46: =Q46 -> 45 | AN46: =AM46-AL46 -> 15 | AO46: =IFERROR(AN46/AL46,"-") -> 0.5 | AP46: =10000*AM46/J46 -> 3.3796724 | AQ46: =_xlfn.RANK.EQ(AP46,AP$8:AP$63,0) -> 3 | AR46: 432 | AS46: 571 | AT46: =AS46-AR46 -> 139 | AU46: =IFERROR(AT46/AR46,"-") -> 0.32175926 | AV46: =10000*AS46/J46 -> 42.884288 | AW46: =(MAX(AV$8:AV$63)-AV46)/MAX(AV$8:AV$63)*5 -> 0 | AX46: =_xlfn.RANK.EQ(AV46,AV$8:AV$63,0) -> 1 | AY46: 2141 | AZ46: 1703 | BA46: =AZ46-AY46 -> -438 | BB46: =IFERROR(BA46/AY46,"-") -> -0.2045773 | BC46: =AZ46*10000/J46 -> 127.90182 | BD46: =(MAX(BC$8:BC$63)-BC46)/MAX(BC$8:BC$63)*5 -> 0.2300109 | BE46: =_xlfn.RANK.EQ(BC46,BC$8:BC$63,0) -> 2 | BF46: =AK46*AK$4+AQ46*AQ$4+AX46*AX$4+BE46*BE$4 -> 2.1 | BH46: =O46*O$4+T46*T$4+AX$4*AX46+BE46*BE$4 -> 2.4 | BI46: =AX$3*AX46+BE$3*BE46 -> 1.5 | BJ46: =AW46*AX$3+BD46*BE$3 -> 0.11500545 | BK46: =_xlfn.RANK.EQ(BJ46,BJ$8:BJ$63,1) -> 1 | BL46: =AT46/J46*10000 -> 10.439433 | BM46: =_xlfn.RANK.EQ(BL46,BL$8:BL$63,1) -> 53 | BN46: =BA46/J46*10000 -> -32.895478 | BO46: =_xlfn.RANK.EQ(BN46,BN$8:BN$63,1) -> 7 | BP46: =BM46*BL$3+BO46*BN$3 -> 30
... D60: Восход | J60: 2063 | K60: 0 | L60: 0 | M60: 0 | N60: =IFERROR(M60/K60,"-") -> - | O60: =_xlfn.RANK.EQ(L60,L$8:L$63,0) -> 47 | P60: 0 | Q60: 0 | R60: =Q60-P60 -> 0 | S60: =IFERROR(R60/P60,"-") -> - | T60: =_xlfn.RANK.EQ(Q60,Q$8:Q$63,0) -> 38 | U60: 0 | V60: 0 | W60: =V60-U60 -> 0 | X60: =IFERROR(W60/U60,"-") -> - | Y60: =_xlfn.RANK.EQ(V60,V$8:V$63,0) -> 54 | Z60: 0 | AA60: 0 | AB60: =AA60-Z60 -> 0 | AC60: =IFERROR(AB60/Z60,"-") -> - | AD60: =_xlfn.RANK.EQ(AA60,AA$8:AA$63,0) -> 56 | AE60: =O60*O$4+T60*T$4+Y60*Y$4+AD60*AD$4 -> 51.25 | AF60: =K60 -> 0 | AG60: =L60 -> 0 | AH60: =AG60-AF60 -> 0 | AI60: =IFERROR(AH60/AF60,"-") -> - | AJ60: =10000*AG60/J60 -> 0 | AK60: =_xlfn.RANK.EQ(AJ60,AJ$8:AJ$63,0) -> 47 | AL60: =P60 -> 0 | AM60: =Q60 -> 0 | AN60: =AM60-AL60 -> 0 | AO60: =IFERROR(AN60/AL60,"-") -> - | AP60: =10000*AM60/J60 -> 0 | AQ60: =_xlfn.RANK.EQ(AP60,AP$8:AP$63,0) -> 38 | AR60: 0 | AS60: 0 | AT60: =AS60-AR60 -> 0 | AU60: =IFERROR(AT60/AR60,"-") -> - | AV60: =10000*AS60/J60 -> 0 | AW60: =(MAX(AV$8:AV$63)-AV60)/MAX(AV$8:AV$63)*5 -> 5 | AX60: =_xlfn.RANK.EQ(AV60,AV$8:AV$63,0) -> 54 | AY60: 0 | AZ60: 0 | BA60: =AZ60-AY60 -> 0 | BB60: =IFERROR(BA60/AY60,"-") -> - | BC60: =AZ60*10000/J60 -> 0 | BD60: =(MAX(BC$8:BC$63)-BC60)/MAX(BC$8:BC$63)*5 -> 5 | BE60: =_xlfn.RANK.EQ(BC60,BC$8:BC$63,0) -> 56 | BF60: =AK60*AK$4+AQ60*AQ$4+AX60*AX$4+BE60*BE$4 -> 51.25 | BH60: =O60*O$4+T60*T$4+AX$4*AX60+BE60*BE$4 -> 51.25 | BI60: =AX$3*AX60+BE$3*BE60 -> 55 | BJ60: =AW60*AX$3+BD60*BE$3 -> 5 | BK60: =_xlfn.RANK.EQ(BJ60,BJ$8:BJ$63,1) -> 55 | BL60: =AT60/J60*10000 -> 0 | BM60: =_xlfn.RANK.EQ(BL60,BL$8:BL$63,1) -> 15 | BN60: =BA60/J60*10000 -> 0 | BO60: =_xlfn.RANK.EQ(BN60,BN$8:BN$63,1) -> 33 | BP60: =BM60*BL$3+BO60*BN$3 -> 24
D61: Звездный городок | J61: 7620 | K61: 0 | L61: 0 | M61: =L61-K61 -> 0 | N61: =IFERROR(M61/K61,"-") -> - | O61: =_xlfn.RANK.EQ(L61,L$8:L$63,0) -> 47 | P61: 0 | Q61: 0 | R61: =Q61-P61 -> 0 | S61: =IFERROR(R61/P61,"-") -> - | T61: =_xlfn.RANK.EQ(Q61,Q$8:Q$63,0) -> 38 | U61: 0 | V61: 2 | W61: =V61-U61 -> 2 | X61: =IFERROR(W61/U61,"-") -> - | Y61: =_xlfn.RANK.EQ(V61,V$8:V$63,0) -> 53 | Z61: 0 | AA61: 1 | AB61: =AA61-Z61 -> 1 | AC61: =IFERROR(AB61/Z61,"-") -> - | AD61: =_xlfn.RANK.EQ(AA61,AA$8:AA$63,0) -> 55 | AE61: =O61*O$4+T61*T$4+Y61*Y$4+AD61*AD$4 -> 50.55 | AF61: =K61 -> 0 | AG61: =L61 -> 0 | AH61: =AG61-AF61 -> 0 | AI61: =IFERROR(AH61/AF61,"-") -> - | AJ61: =10000*AG61/J61 -> 0 | AK61: =_xlfn.RANK.EQ(AJ61,AJ$8:AJ$63,0) -> 47 | AL61: =P61 -> 0 | AM61: =Q61 -> 0 | AN61: =AM61-AL61 -> 0 | AO61: =IFERROR(AN61/AL61,"-") -> - | AP61: =10000*AM61/J61 -> 0 | AQ61: =_xlfn.RANK.EQ(AP61,AP$8:AP$63,0) -> 38 | AR61: 0 | AS61: 2 | AT61: =AS61-AR61 -> 2 | AU61: =IFERROR(AT61/AR61,"-") -> - | AV61: =10000*AS61/J61 -> 2.6246719 | AW61: =(MAX(AV$8:AV$63)-AV61)/MAX(AV$8:AV$63)*5 -> 4.6939821 | AX61: =_xlfn.RANK.EQ(AV61,AV$8:AV$63,0) -> 50 | AY61: 0 | AZ61: 1 | BA61: =AZ61-AY61 -> 1 | BB61: =IFERROR(BA61/AY61,"-") -> - | BC61: =AZ61*10000/J61 -> 1.312336 | BD61: =(MAX(BC$8:BC$63)-BC61)/MAX(BC$8:BC$63)*5 -> 4.9510576 | BE61: =_xlfn.RANK.EQ(BC61,BC$8:BC$63,0) -> 54 | BF61: =AK61*AK$4+AQ61*AQ$4+AX61*AX$4+BE61*BE$4 -> 49.15 | BH61: =O61*O$4+T61*T$4+AX$4*AX61+BE61*BE$4 -> 49.15 | BI61: =AX$3*AX61+BE$3*BE61 -> 52 | BJ61: =AW61*AX$3+BD61*BE$3 -> 4.8225198 | BK61: =_xlfn.RANK.EQ(BJ61,BJ$8:BJ$63,1) -> 53 | BL61: =AT61/J61*10000 -> 2.6246719 | BM61: =_xlfn.RANK.EQ(BL61,BL$8:BL$63,1) -> 30 | BN61: =BA61/J61*10000 -> 1.312336 | BO61: =_xlfn.RANK.EQ(BN61,BN$8:BN$63,1) -> 36 | BP61: =BM61*BL$3+BO61*BN$3 -> 33
D62: Краснознаменск | J62: 44402 | K62: 0 | L62: 0 | M62: =L62-K62 -> 0 | N62: =IFERROR(M62/K62,"-") -> - | O62: =_xlfn.RANK.EQ(L62,L$8:L$63,0) -> 47 | P62: 0 | Q62: 0 | R62: =Q62-P62 -> 0 | S62: =IFERROR(R62/P62,"-") -> - | T62: =_xlfn.RANK.EQ(Q62,Q$8:Q$63,0) -> 38 | U62: 0 | V62: 11 | W62: =V62-U62 -> 11 | X62: =IFERROR(W62/U62,"-") -> - | Y62: =_xlfn.RANK.EQ(V62,V$8:V$63,0) -> 51 | Z62: 70 | AA62: 58 | AB62: =AA62-Z62 -> -12 | AC62: =IFERROR(AB62/Z62,"-") -> -0.17142857 | AD62: =_xlfn.RANK.EQ(AA62,AA$8:AA$63,0) -> 49 | AE62: =O62*O$4+T62*T$4+Y62*Y$4+AD62*AD$4 -> 47.75 | AF62: =K62 -> 0 | AG62: =L62 -> 0 | AH62: =AG62-AF62 -> 0 | AI62: =IFERROR(AH62/AF62,"-") -> - | AJ62: =10000*AG62/J62 -> 0 | AK62: =_xlfn.RANK.EQ(AJ62,AJ$8:AJ$63,0) -> 47 | AL62: =P62 -> 0 | AM62: =Q62 -> 0 | AN62: =AM62-AL62 -> 0 | AO62: =IFERROR(AN62/AL62,"-") -> - | AP62: =10000*AM62/J62 -> 0 | AQ62: =_xlfn.RANK.EQ(AP62,AP$8:AP$63,0) -> 38 | AR62: 0 | AS62: 11 | AT62: =AS62-AR62 -> 11 | AU62: =IFERROR(AT62/AR62,"-") -> - | AV62: =10000*AS62/J62 -> 2.4773659 | AW62: =(MAX(AV$8:AV$63)-AV62)/MAX(AV$8:AV$63)*5 -> 4.7111569 | AX62: =_xlfn.RANK.EQ(AV62,AV$8:AV$63,0) -> 51 | AY62: 70 | AZ62: 58 | BA62: =AZ62-AY62 -> -12 | BB62: =IFERROR(BA62/AY62,"-") -> -0.17142857 | BC62: =AZ62*10000/J62 -> 13.062475 | BD62: =(MAX(BC$8:BC$63)-BC62)/MAX(BC$8:BC$63)*5 -> 4.5128462 | BE62: =_xlfn.RANK.EQ(BC62,BC$8:BC$63,0) -> 45 | BF62: =AK62*AK$4+AQ62*AQ$4+AX62*AX$4+BE62*BE$4 -> 46.35 | BH62: =O62*O$4+T62*T$4+AX$4*AX62+BE62*BE$4 -> 46.35 | BI62: =AX$3*AX62+BE$3*BE62 -> 48 | BJ62: =AW62*AX$3+BD62*BE$3 -> 4.6120016 | BK62: =_xlfn.RANK.EQ(BJ62,BJ$8:BJ$63,1) -> 47 | BL62: =AT62/J62*10000 -> 2.4773659 | BM62: =_xlfn.RANK.EQ(BL62,BL$8:BL$63,1) -> 28 | BN62: =BA62/J62*10000 -> -2.702581 | BO62: =_xlfn.RANK.EQ(BN62,BN$8:BN$63,1) -> 27 | BP62: =BM62*BL$3+BO62*BN$3 -> 27.5
D63: Молодежный | J63: 2872 | K63: 0 | L63: 0 | M63: =L63-K63 -> 0 | N63: =IFERROR(M63/K63,"-") -> - | O63: =_xlfn.RANK.EQ(L63,L$8:L$63,0) -> 47 | P63: 0 | Q63: 0 | R63: =Q63-P63 -> 0 | S63: =IFERROR(R63/P63,"-") -> - | T63: =_xlfn.RANK.EQ(Q63,Q$8:Q$63,0) -> 38 | U63: 2 | V63: 0 | W63: =V63-U63 -> -2 | X63: =IFERROR(W63/U63,"-") -> -1 | Y63: =_xlfn.RANK.EQ(V63,V$8:V$63,0) -> 54 | Z63: 4 | AA63: 3 | AB63: =AA63-Z63 -> -1 | AC63: =IFERROR(AB63/Z63,"-") -> -0.25 | AD63: =_xlfn.RANK.EQ(AA63,AA$8:AA$63,0) -> 53 | AE63: =O63*O$4+T63*T$4+Y63*Y$4+AD63*AD$4 -> 50.2 | AF63: =K63 -> 0 | AG63: =L63 -> 0 | AH63: =AG63-AF63 -> 0 | AI63: =IFERROR(AH63/AF63,"-") -> - | AJ63: =10000*AG63/J63 -> 0 | AK63: =_xlfn.RANK.EQ(AJ63,AJ$8:AJ$63,0) -> 47 | AL63: =P63 -> 0 | AM63: =Q63 -> 0 | AN63: =AM63-AL63 -> 0 | AO63: =IFERROR(AN63/AL63,"-") -> - | AP63: =10000*AM63/J63 -> 0 | AQ63: =_xlfn.RANK.EQ(AP63,AP$8:AP$63,0) -> 38 | AR63: 2 | AS63: 0 | AT63: =AS63-AR63 -> -2 | AU63: =IFERROR(AT63/AR63,"-") -> -1 | AV63: =10000*AS63/J63 -> 0 | AW63: =(MAX(AV$8:AV$63)-AV63)/MAX(AV$8:AV$63)*5 -> 5 | AX63: =_xlfn.RANK.EQ(AV63,AV$8:AV$63,0) -> 54 | AY63: 4 | AZ63: 3 | BA63: =AZ63-AY63 -> -1 | BB63: =IFERROR(BA63/AY63,"-") -> -0.25 | BC63: =AZ63*10000/J63 -> 10.445682 | BD63: =(MAX(BC$8:BC$63)-BC63)/MAX(BC$8:BC$63)*5 -> 4.6104372 | BE63: =_xlfn.RANK.EQ(BC63,BC$8:BC$63,0) -> 49 | BF63: =AK63*AK$4+AQ63*AQ$4+AX63*AX$4+BE63*BE$4 -> 48.8 | BH63: =O63*O$4+T63*T$4+AX$4*AX63+BE63*BE$4 -> 48.8 | BI63: =AX$3*AX63+BE$3*BE63 -> 51.5 | BJ63: =AW63*AX$3+BD63*BE$3 -> 4.8052186 | BK63: =_xlfn.RANK.EQ(BJ63,BJ$8:BJ$63,1) -> 52 | BL63: =AT63/J63*10000 -> -6.9637883 | BM63: =_xlfn.RANK.EQ(BL63,BL$8:BL$63,1) -> 1 | BN63: =BA63/J63*10000 -> -3.4818942 | BO63: =_xlfn.RANK.EQ(BN63,BN$8:BN$63,1) -> 22 | BP63: =BM63*BL$3+BO63*BN$3 -> 11.5

Sheet 1_Ранг лучших динамика
C3: Лучшие ОМСУ в динамике 2025 / 2024 по комплексному снижению количества жалоб и отключений | V3: Лучшие ОМСУ в динамике 2025 / 2024 по комплексному снижению количества жалоб и отключений
C5: Ранг в рейтинге (1 - самый хороший) | D5: ОМСУ | E5: Кол-во жителей в ОМСУ | F5: Количество отключений в целом за год, шт. на 10 тыс. жителей | L5: Жалобы на электроснабжение на 10 тыс. чел. | V5: Ранг в рейтинге (1 - самый хороший) | W5: ОМСУ | X5: Кол-во жителей в ОМСУ
F6: 2024 | G6: 2025 | H6: Разница (2025 - 2024) | J6: Отключения 2025 | K6: Ранг по кол-ву откл. в 2025 г. (с учетом жителей) | L6: 2024 | M6: 2025 | N6: Разница (2025 - 2024) | P6: Жалобы 2025 | Q6: Ранг по кол-ву жалоб в 2025 г. (с учетом жителей)
F7: шт. | G7: шт. | H7: шт. | I7: % | J7: - | K7: - | L7: шт. | M7: шт. | N7: шт. | O7: % | P7: - | Q7: - | Y7: % | Z7: %
F8: =SUM(F10:F65) -> 7377 | G8: =SUM(G10:G65) -> 9514 | H8: =SUM(H10:H65) -> 2137 | I8: =H8/F8 -> 0.28968415 | J8: - | K8: - | L8: =SUM(L10:L65) -> 35716 | M8: =SUM(M10:M65) -> 30413 | N8: =SUM(N10:N65) -> -5303 | O8: =N8/L8 -> -0.14847687 | P8: - | Q8: - | Y8: =#REF!/#REF! -> #REF! | Z8: =#REF!/#REF! -> #REF!
C9: 1 | D9: =C9+1 -> 2 | E9: =D9+1 -> 3 | F9: =E9+1 -> 4 | G9: =F9+1 -> 5 | H9: =G9+1 -> 6 | I9: =H9+1 -> 7 | J9: =I9+1 -> 8 | K9: =J9+1 -> 9 | ... R9: =Q9+1 -> 16 | V9: 1 | W9: =V9+1 -> 2 | X9: =W9+1 -> 3 | Y9: =#REF!+1 -> #REF! | Z9: =#REF!+1 -> #REF!
C10: 1 | D10: Раменский Городской Округ | E10: 334391 | F10: 787 | G10: 709 | H10: -78 | I10: -0.099110546 | J10: 21.202724 | K10: 7 | L10: 4445 | M10: 2581 | N10: -1864 | O10: -0.41934758 | P10: 77.185092 | Q10: 7 | R10: =C10 -> 1 | V10: 1 | W10: Раменское | X10: 334391 | Y10: -0.099110546 | Z10: -0.41934758
C11: 2 | D11: Городской Округ Бронницы | E11: 21294 | F11: 15 | G11: 10 | H11: -5 | I11: -0.33333333 | J11: 4.6961585 | K11: 43 | L11: 204 | M11: 88 | N11: -116 | O11: -0.56862745 | P11: 41.326195 | Q11: 15 | R11: =C11 -> 2 | V11: 2 | W11: Бронницы | X11: 21294 | Y11: -0.33333333 | Z11: -0.56862745
C12: 3 | D12: Городской Округ Подольск | E12: 350268 | F12: 481 | G12: 460 | H12: -21 | I12: -0.043659044 | J12: 13.132801 | K12: 15 | L12: 1824 | M12: 907 | N12: -917 | O12: -0.50274123 | P12: 25.894458 | Q12: 26 | R12: =C12 -> 3 | V12: 3 | W12: Подольск | X12: 350268 | Y12: -0.043659044 | Z12: -0.50274123
C13: 4 | D13: Городской Округ Дубна | E13: 74193 | F13: 37 | G13: 37 | H13: 0 | I13: 0 | J13: 4.9869934 | K13: 42 | L13: 315 | M13: 69 | N13: -246 | O13: -0.78095238 | P13: 9.3000687 | Q13: 50 | R13: =C13 -> 4 | V13: 4 | W13: Дубна | X13: 74193 | Y13: 0 | Z13: -0.78095238
C14: 5 | D14: Серпухов | E14: 237574 | F14: 210 | G14: 179 | H14: -31 | I14: -0.14761905 | J14: 7.5344945 | K14: 36 | L14: 583 | M14: 456 | N14: -127 | O14: -0.21783877 | P14: 19.19402 | Q14: 39 | R14: =C14 -> 5 | V14: 5 | W14: Серпухов | X14: 237574 | Y14: -0.14761905 | Z14: -0.21783877
C15: 6 | D15: Городской Округ Молодежный | E15: 2872 | F15: 2 | G15: 0 | H15: -2 | I15: -1 | J15: 0 | K15: 54 | L15: 4 | M15: 3 | N15: -1 | O15: -0.25 | P15: 10.445682 | Q15: 49 | R15: =C15 -> 6 | V15: 6 | W15: Молодежный | X15: 2872 | Y15: -1 | Z15: -0.25
C16: 7 | D16: Городской Округ Егорьевск | E16: 111398 | F16: 102 | G16: 101 | H16: -1 | I16: -0.0098039216 | J16: 9.0665901 | K16: 26 | L16: 494 | M16: 274 | N16: -220 | O16: -0.44534413 | P16: 24.596492 | Q16: 28 | R16: =C16 -> 7 | V16: 7 | W16: Егорьевск | X16: 111398 | Y16: -0.0098039216 | Z16: -0.44534413
C17: 8 | D17: Городской Округ Балашиха | E17: 549846 | F17: 258 | G17: 203 | H17: -55 | I17: -0.21317829 | J17: 3.6919428 | K17: 45 | L17: 757 | M17: 581 | N17: -176 | O17: -0.2324967 | P17: 10.566595 | Q17: 48 | R17: =C17 -> 8 | V17: 8 | W17: Балашиха | X17: 549846 | Y17: -0.21317829 | Z17: -0.2324967
C18: 9 | D18: Ленинский Городской Округ | E18: 309204 | F18: 167 | G18: 192 | H18: 25 | I18: 0.1497006 | J18: 6.2094928 | K18: 39 | L18: 635 | M18: 400 | N18: -235 | O18: -0.37007874 | P18: 12.936443 | Q18: 46 | R18: =C18 -> 9 | V18: 9 | W18: Ленинский | X18: 309204 | Y18: 0.1497006 | Z18: -0.37007874
C19: 10 | D19: Городской Округ Долгопрудный | E19: 119957 | F19: 45 | G19: 40 | H19: -5 | I19: -0.11111111 | J19: 3.3345282 | K19: 47 | L19: 320 | M19: 279 | N19: -41 | O19: -0.128125 | P19: 23.258334 | Q19: 30 | R19: =C19 -> 10 | V19: 10 | W19: Долгопрудный | X19: 119957 | Y19: -0.11111111 | Z19: -0.128125
C20: 11 | D20: Пушкинский Городской Округ | E20: 300650 | F20: 318 | G20: 358 | H20: 40 | I20: 0.12578616 | J20: 11.907534 | K20: 21 | L20: 1284 | M20: 988 | N20: -296 | O20: -0.2305296 | P20: 32.862132 | Q20: 22 | R20: =C20 -> 11 | V20: 11 | W20: Пушкино | X20: 300650 | Y20: 0.12578616 | Z20: -0.2305296
C21: 12 | D21: Городской Округ Мытищи | E21: 299964 | F21: 226 | G21: 252 | H21: 26 | I21: 0.11504425 | J21: 8.4010081 | K21: 32 | L21: 858 | M21: 687 | N21: -171 | O21: -0.1993007 | P21: 22.902748 | Q21: 32 | R21: =C21 -> 12 | V21: 12 | W21: Мытищи | X21: 299964 | Y21: 0.11504425 | Z21: -0.1993007
... C33: 24 | D33: Городской Округ Шатура | E33: 101978 | F33: 79 | G33: 103 | H33: 24 | I33: 0.30379747 | J33: 10.100218 | K33: 25 | L33: 202 | M33: 166 | N33: -36 | O33: -0.17821782 | P33: 16.278021 | Q33: 42 | R33: =C33 -> 24 | V33: 24 | W33: Шатура | X33: 101978 | Y33: 0.30379747 | Z33: -0.17821782
C34: 25 | D34: Городской Округ Восход | E34: 2063 | F34: 0 | G34: 0 | H34: 0 | I34: - | J34: 0 | K34: 54 | L34: 0 | M34: 0 | N34: 0 | O34: - | P34: 0 | Q34: 56 | R34: =C34 -> 25 | V34: 25 | W34: Восход | X34: 2063 | Y34: - | Z34: -
C35: 26 | D35: Ступино | E35: 118268 | F35: 196 | G35: 312 | H35: 116 | I35: 0.59183673 | J35: 26.380762 | K35: 4 | L35: 2437 | M35: 1384 | N35: -1053 | O35: -0.43208863 | P35: 117.02236 | Q35: 3 | R35: =C35 -> 26 | V35: 26 | W35: Ступино | X35: 118268 | Y35: 0.59183673 | Z35: -0.43208863
C36: 27 | D36: Орехово-зуевский Городской Округ | E36: 241038 | F36: 164 | G36: 277 | H36: 113 | I36: 0.68902439 | J36: 11.491964 | K36: 22 | L36: 550 | M36: 383 | N36: -167 | O36: -0.30363636 | P36: 15.889611 | Q36: 43 | R36: =C36 -> 27 | V36: 27 | W36: Орехово-Зуево | X36: 241038 | Y36: 0.68902439 | Z36: -0.30363636
C37: 28 | D37: Городской Округ Жуковский | E37: 110507 | F37: 27 | G37: 25 | H37: -2 | I37: -0.074074074 | J37: 2.2623001 | K37: 52 | L37: 93 | M37: 126 | N37: 33 | O37: 0.35483871 | P37: 11.401993 | Q37: 47 | R37: =C37 -> 28 | V37: 28 | W37: Жуковский | X37: 110507 | Y37: -0.074074074 | Z37: 0.35483871
C38: 29 | D38: Городской Округ Краснознаменск | E38: 44402 | F38: 0 | G38: 11 | H38: 11 | I38: - | J38: 2.4773659 | K38: 51 | L38: 70 | M38: 58 | N38: -12 | O38: -0.17142857 | P38: 13.062475 | Q38: 45 | R38: =C38 -> 29 | V38: 29 | W38: Краснознаменск | X38: 44402 | Y38: - | Z38: -0.17142857
C39: 30 | D39: Городской Округ Луховицы | E39: 60722 | F39: 83 | G39: 116 | H39: 33 | I39: 0.39759036 | J39: 19.103455 | K39: 8 | L39: 270 | M39: 194 | N39: -76 | O39: -0.28148148 | P39: 31.948882 | Q39: 24 | R39: =C39 -> 30 | V39: 30 | W39: Луховицы | X39: 60722 | Y39: 0.39759036 | Z39: -0.28148148
C40: 31 | D40: Можайский Городской Округ | E40: 92519 | F40: 42 | G40: 81 | H40: 39 | I40: 0.92857143 | J40: 8.7549584 | K40: 29 | L40: 245 | M40: 208 | N40: -37 | O40: -0.15102041 | P40: 22.481869 | Q40: 34 | R40: =C40 -> 31 | V40: 31 | W40: Можайск | X40: 92519 | Y40: 0.92857143 | Z40: -0.15102041
C41: 32 | D41: Одинцовский Городской Округ | E41: 480869 | F41: 536 | G41: 601 | H41: 65 | I41: 0.12126866 | J41: 12.498206 | K41: 16 | L41: 1273 | M41: 1376 | N41: 103 | O41: 0.080911233 | P41: 28.614862 | Q41: 25 | R41: =C41 -> 32 | V41: 32 | W41: Одинцово | X41: 480869 | Y41: 0.12126866 | Z41: 0.080911233
C42: 33 | D42: Городской Округ Солнечногорск | E42: 133149 | F42: 432 | G42: 571 | H42: 139 | I42: 0.32175926 | J42: 42.884288 | K42: 1 | L42: 2141 | M42: 1703 | N42: -438 | O42: -0.2045773 | P42: 127.90182 | Q42: 2 | R42: =C42 -> 33 | V42: 33 | W42: Солнечногорск | X42: 133149 | Y42: 0.32175926 | Z42: -0.2045773
C43: 34 | D43: Городской Округ Химки | E43: 278578 | F43: 156 | G43: 237 | H43: 81 | I43: 0.51923077 | J43: 8.5074916 | K43: 30 | L43: 689 | M43: 617 | N43: -72 | O43: -0.10449927 | P43: 22.148195 | Q43: 35 | R43: =C43 -> 34 | V43: 34 | W43: Химки | X43: 278578 | Y43: 0.51923077 | Z43: -0.10449927
C44: 35 | D44: Лосино-Петровский | E44: 70669 | F44: 19 | G44: 55 | H44: 36 | I44: 1.8947368 | J44: 7.7827619 | K44: 34 | L44: 174 | M44: 145 | N44: -29 | O44: -0.16666667 | P44: 20.51819 | Q44: 36 | R44: =C44 -> 35 | V44: 35 | W44: Лосино-Петровский | X44: 70669 | Y44: 1.8947368 | Z44: -0.16666667
C45: 36 | D45: Городской Округ Реутов | E45: 113140 | F45: 55 | G45: 62 | H45: 7 | I45: 0.12727273 | J45: 5.4799364 | K45: 41 | L45: 160 | M45: 222 | N45: 62 | O45: 0.3875 | P45: 19.621708 | Q45: 38 | R45: =C45 -> 36 | V45: 36 | W45: Реутов | X45: 113140 | Y45: 0.12727273 | Z45: 0.3875
C46: 37 | D46: Богородский Городской Округ | E46: 218485 | F46: 201 | G46: 262 | H46: 61 | I46: 0.30348259 | J46: 11.99167 | K46: 20 | L46: 783 | M46: 787 | N46: 4 | O46: 0.0051085568 | P46: 36.020779 | Q46: 20 | R46: =C46 -> 37 | V46: 37 | W46: Богородский | X46: 218485 | Y46: 0.30348259 | Z46: 0.0051085568
C47: 38 | D47: Городской Округ Звездный Городок | E47: 7620 | F47: 0 | G47: 2 | H47: 2 | I47: - | J47: 2.6246719 | K47: 50 | L47: 0 | M47: 1 | N47: 1 | O47: - | P47: 1.312336 | Q47: 54 | R47: =C47 -> 38 | V47: 38 | W47: Звездный городок | X47: 7620 | Y47: - | Z47: -
C48: 39 | D48: Городской Округ Красногорск | E48: 324754 | F48: 229 | G48: 275 | H48: 46 | I48: 0.20087336 | J48: 8.467948 | K48: 31 | L48: 871 | M48: 1174 | N48: 303 | O48: 0.347876 | P48: 36.15044 | Q48: 18 | R48: =C48 -> 39 | V48: 39 | W48: Красногорск | X48: 324754 | Y48: 0.20087336 | Z48: 0.347876
C49: 40 | D49: Городской Округ Королёв | E49: 226936 | F49: 10 | G49: 67 | H49: 57 | I49: 5.7 | J49: 2.9523742 | K49: 49 | L49: 278 | M49: 374 | N49: 96 | O49: 0.34532374 | P49: 16.480417 | Q49: 41 | R49: =C49 -> 40 | V49: 40 | W49: Королев | X49: 226936 | Y49: 5.7 | Z49: 0.34532374
C50: 41 | D50: Городской Округ Лотошино | E50: 21919 | F50: 15 | G50: 23 | H50: 8 | I50: 0.53333333 | J50: 10.493179 | K50: 23 | L50: 46 | M50: 52 | N50: 6 | O50: 0.13043478 | P50: 23.72371 | Q50: 29 | R50: =C50 -> 41 | V50: 41 | W50: Лотошино | X50: 21919 | Y50: 0.53333333 | Z50: 0.13043478
C51: 42 | D51: Городской Округ Лобня | E51: 81968 | F51: 18 | G51: 99 | H51: 81 | I51: 4.5 | J51: 12.077884 | K51: 18 | L51: 306 | M51: 278 | N51: -28 | O51: -0.091503268 | P51: 33.915674 | Q51: 21 | R51: =C51 -> 42 | V51: 42 | W51: Лобня | X51: 81968 | Y51: 4.5 | Z51: -0.091503268
C52: 43 | D52: Городской Округ Черноголовка | E52: 21789 | F52: 8 | G52: 13 | H52: 5 | I52: 0.625 | J52: 5.9663133 | K52: 40 | L52: 30 | M52: 70 | N52: 40 | O52: 1.3333333 | P52: 32.126302 | Q52: 23 | R52: =C52 -> 43 | V52: 43 | W52: Черноголовка | X52: 21789 | Y52: 0.625 | Z52: 1.3333333
C53: 44 | D53: Городской Округ Лыткарино | E53: 66079 | F53: 33 | G53: 51 | H53: 18 | I53: 0.54545455 | J53: 7.7180345 | K53: 35 | L53: 40 | M53: 153 | N53: 113 | O53: 2.825 | P53: 23.154103 | Q53: 31 | R53: =C53 -> 44 | V53: 44 | W53: Лыткарино | X53: 66079 | Y53: 0.54545455 | Z53: 2.825
C54: 45 | D54: Наро-фоминский Городской Округ | E54: 194589 | F54: 347 | G54: 424 | H54: 77 | I54: 0.22190202 | J54: 21.789515 | K54: 5 | L54: 946 | M54: 1098 | N54: 152 | O54: 0.16067653 | P54: 56.426622 | Q54: 11 | R54: =C54 -> 45 | V54: 45 | W54: Наро-Фоминск | X54: 194589 | Y54: 0.22190202 | Z54: 0.16067653
C55: 46 | D55: Городской Округ Зарайск | E55: 36534 | F55: 45 | G55: 119 | H55: 74 | I55: 1.6444444 | J55: 32.572398 | K55: 2 | L55: 89 | M55: 83 | N55: -6 | O55: -0.06741573 | P55: 22.718564 | Q55: 33 | R55: =C55 -> 46 | V55: 46 | W55: Зарайск | X55: 36534 | Y55: 1.6444444 | Z55: -0.06741573
C56: 47 | D56: Городской Округ Клин | E56: 148369 | F56: 144 | G56: 219 | H56: 75 | I56: 0.52083333 | J56: 14.760496 | K56: 12 | L56: 600 | M56: 715 | N56: 115 | O56: 0.19166667 | P56: 48.19066 | Q56: 12 | R56: =C56 -> 47 | V56: 47 | W56: Клин | X56: 148369 | Y56: 0.52083333 | Z56: 0.19166667
C57: 48 | D57: Талдомский Городской Округ | E57: 64223 | F57: 19 | G57: 66 | H57: 47 | I57: 2.4736842 | J57: 10.276692 | K57: 24 | L57: 217 | M57: 232 | N57: 15 | O57: 0.069124424 | P57: 36.12413 | Q57: 19 | R57: =C57 -> 48 | V57: 48 | W57: Талдомский | X57: 64223 | Y57: 2.4736842 | Z57: 0.069124424
C58: 49 | D58: Городской Округ Воскресенск | E58: 160613 | F58: 128 | G58: 242 | H58: 114 | I58: 0.890625 | J58: 15.067274 | K58: 11 | L58: 638 | M58: 688 | N58: 50 | O58: 0.078369906 | P58: 42.835885 | Q58: 14 | R58: =C58 -> 49 | V58: 49 | W58: Воскресенск | X58: 160613 | Y58: 0.890625 | Z58: 0.078369906
C59: 50 | D59: Волоколамский Городской Округ | E59: 65122 | F59: 45 | G59: 79 | H59: 34 | I59: 0.75555556 | J59: 12.131077 | K59: 17 | L59: 180 | M59: 241 | N59: 61 | O59: 0.33888889 | P59: 37.007463 | Q59: 17 | R59: =C59 -> 50 | V59: 50 | W59: Волоколамск | X59: 65122 | Y59: 0.75555556 | Z59: 0.33888889
... C65: 56 | D65: Дмитровский Городской Округ | E65: 164318 | F65: 44 | G65: 220 | H65: 176 | I65: 4 | J65: 13.388673 | K65: 14 | L65: 962 | M65: 2203 | N65: 1241 | O65: 1.2900208 | P65: 134.0693 | Q65: 1 | R65: =C65 -> 56 | V65: 56 | W65: Дмитров | X65: 164318 | Y65: 4 | Z65: 1.2900208

Sheet 2_Ранг худшие абсолют
B1: Худшие ОМСУ в абсолюте по количеству отключений и жалоб на электроснабжения по итогу 2025 г.
B3: Ранг в рейтинге (1 - самый плохой) | C3: ОМСУ | D3: Кол-во жителей в ОМСУ | E3: Количество отключений на новый год, шт. | J3: Жалобы на электроснабжения в новый год, шт. | O3: Количество отключений в целом за год (без учета майских), шт. | U3: Жалобы на электроснабжение (без учета майских), шт. | AA3: Информация о действующих ППН | AD3: Ранг топ лучших ОМСУ по динамике надежности относительно 2024 г.
E4: 2024 / 2025 | F4: 2025 / 2026 | G4: Разница (2026 - 2025) | I4: Ранг по количеству отключений за НГ | J4: 2024/2025 | K4: 2025/2026 | L4: Разница (2026 - 2025) | N4: Ранг по кол-ву жалоб за НГ | O4: 2024 | P4: 2025 | Q4: Разница (2025 - 2024) | S4: Отключения 2025 г. на 10 тыс. жителей | T4: Ранг по кол-ву откл. в 2025 г. на 10 тыс. жителей | U4: 2024 | V4: 2025 | W4: Разница (2025 - 2024) | Y4: Жалобы 2025 г. на 10 тыс. жителей | Z4: Ранг по кол-ву жалоб в 2025 г. на 10 тыс. жителей | AA4: ППН РМР (учт. в регуляторке) | AB4: ППН МОЭ | AC4: Кол-во ОМСУ хоть с одним ППН
E5: шт. | F5: шт. | G5: шт. | H5: % | I5: - | J5: шт. | K5: шт. | L5: шт. | M5: % | N5: - | O5: шт. | P5: шт. | Q5: шт. | R5: % | S5: шт./10 тыс. чел. | T5: - | U5: шт. | V5: шт. | W5: шт. | X5: % | Y5: шт./10 тыс. чел. | Z5: - | AA5: шт. | AB5: шт. | AC5: шт. | AD5: -
C6: ИТОГО | E6: =SUM(E8:E63) -> 668 | F6: =SUM(F8:F63) -> 712 | G6: =SUM(G8:G63) -> 44 | H6: =G6/E6 -> 0.065868263 | I6: - | J6: =SUM(J8:J63) -> 538 | K6: =SUM(K8:K63) -> 682 | L6: =SUM(L8:L63) -> 144 | M6: =L6/J6 -> 0.26765799 | N6: - | O6: =SUM(O8:O63) -> 7377 | P6: =SUM(P8:P63) -> 9514 | Q6: =SUM(Q8:Q63) -> 2137 | R6: =Q6/O6 -> 0.28968415 | S6: =SUM(S8:S63) -> 596.99135 | T6: =SUM(T8:T63) -> 1593 | U6: =SUM(U8:U63) -> 35716 | V6: =SUM(V8:V63) -> 30413 | W6: =SUM(W8:W63) -> -5303 | X6: =W6/U6 -> -0.14847687 | Y6: - | Z6: - | AA6: =COUNTIFS(AA8:AA63,"+") -> 27 | AB6: =COUNTIFS(AB8:AB63,"+") -> 35 | AC6: =COUNTIFS(AC8:AC63,"+") -> 38 | AD6: -
B7: 1 | C7: =B7+1 -> 2 | D7: =C7+1 -> 3 | E7: =D7+1 -> 4 | F7: =E7+1 -> 5 | G7: =F7+1 -> 6 | H7: =G7+1 -> 7 | I7: =H7+1 -> 8 | J7: =I7+1 -> 9 | ... AD7: =AC7+1 -> 29
B8: 1 | C8: Солнечногорск | D8: 133149 | E8: 45 | F8: 34 | G8: -11 | H8: -0.24444444 | I8: 4 | J8: 30 | K8: 45 | L8: 15 | M8: 0.5 | N8: 5 | O8: 432 | P8: 571 | Q8: 139 | R8: 0.32175926 | S8: 42.884288 | T8: 1 | U8: 2141 | V8: 1703 | W8: -438 | X8: -0.2045773 | Y8: 127.90182 | Z8: 2 | AA8: + | AB8: + | AC8: =IF(OR(AA8="+",AB8="+"),"+","-") -> + | AD8: =VLOOKUP(C8,'1_Ранг лучших динамика'!D:R,'1_Ранг лучших динамика'!Q$9,FALSE) -> #N/A
B9: =B8+1 -> 2 | C9: Ступино | D9: 118268 | E9: 14 | F9: 23 | G9: 9 | H9: 0.64285714 | I9: 14 | J9: 12 | K9: 22 | L9: 10 | M9: 0.83333333 | N9: 9 | O9: 196 | P9: 312 | Q9: 116 | R9: 0.59183673 | S9: 26.380762 | T9: 4 | U9: 2437 | V9: 1384 | W9: -1053 | X9: -0.43208863 | Y9: 117.02236 | Z9: 3 | AA9: + | AB9: + | AC9: =IF(OR(AA9="+",AB9="+"),"+","-") -> + | AD9: =VLOOKUP(C9,'1_Ранг лучших динамика'!D:R,'1_Ранг лучших динамика'!Q$9,FALSE) -> 26
B10: =B9+1 -> 3 | C10: Истра | D10: 172848 | E10: 32 | F10: 33 | G10: 1 | H10: 0.03125 | I10: 5 | J10: 22 | K10: 23 | L10: 1 | M10: 0.045454545 | N10: 8 | O10: 200 | P10: 486 | Q10: 286 | R10: 1.43 | S10: 28.11719 | T10: 3 | U10: 975 | V10: 1621 | W10: 646 | X10: 0.6625641 | Y10: 93.78182 | Z10: 5 | AA10: + | AB10: + | AC10: =IF(OR(AA10="+",AB10="+"),"+","-") -> + | AD10: =VLOOKUP(C10,'1_Ранг лучших динамика'!D:R,'1_Ранг лучших динамика'!Q$9,FALSE) -> #N/A
B11: =B10+1 -> 4 | C11: Чехов | D11: 146908 | E11: 18 | F11: 58 | G11: 40 | H11: 2.2222222 | I11: 1 | J11: 20 | K11: 87 | L11: 67 | M11: 3.35 | N11: 2 | O11: 239 | P11: 313 | Q11: 74 | R11: 0.30962343 | S11: 21.305851 | T11: 6 | U11: 2706 | V11: 1216 | W11: -1490 | X11: -0.55062823 | Y11: 82.772892 | Z11: 6 | AA11: + | AB11: + | AC11: =IF(OR(AA11="+",AB11="+"),"+","-") -> + | AD11: =VLOOKUP(C11,'1_Ранг лучших динамика'!D:R,'1_Ранг лучших динамика'!Q$9,FALSE) -> #N/A
B12: =B11+1 -> 5 | C12: Раменское | D12: 334391 | E12: 47 | F12: 31 | G12: -16 | H12: -0.34042553 | I12: 7 | J12: 53 | K12: 71 | L12: 18 | M12: 0.33962264 | N12: 3 | O12: 787 | P12: 709 | Q12: -78 | R12: -0.099110546 | S12: 21.202724 | T12: 7 | U12: 4445 | V12: 2581 | W12: -1864 | X12: -0.41934758 | Y12: 77.185092 | Z12: 7 | AA12: + | AB12: + | AC12: =IF(OR(AA12="+",AB12="+"),"+","-") -> + | AD12: =VLOOKUP(C12,'1_Ранг лучших динамика'!D:R,'1_Ранг лучших динамика'!Q$9,FALSE) -> #N/A
B13: =B12+1 -> 6 | C13: Дмитров | D13: 164318 | E13: 29 | F13: 29 | G13: 0 | H13: 0 | I13: 8 | J13: 12 | K13: 53 | L13: 41 | M13: 3.4166667 | N13: 4 | O13: 44 | P13: 220 | Q13: 176 | R13: 4 | S13: 13.388673 | T13: 14 | U13: 962 | V13: 2203 | W13: 1241 | X13: 1.2900208 | Y13: 134.0693 | Z13: 1 | AA13: + | AB13: нет сетей МОЭ | AC13: =IF(OR(AA13="+",AB13="+"),"+","-") -> + | AD13: =VLOOKUP(C13,'1_Ранг лучших динамика'!D:R,'1_Ранг лучших динамика'!Q$9,FALSE) -> #N/A
B14: =B13+1 -> 7 | C14: Наро-Фоминск | D14: 194589 | E14: 28 | F14: 29 | G14: 1 | H14: 0.035714286 | I14: 8 | J14: 9 | K14: 16 | L14: 7 | M14: 0.77777778 | N14: 14 | O14: 347 | P14: 424 | Q14: 77 | R14: 0.22190202 | S14: 21.789515 | T14: 5 | U14: 946 | V14: 1098 | W14: 152 | X14: 0.16067653 | Y14: 56.426622 | Z14: 11 | AA14: + | AB14: + | AC14: =IF(OR(AA14="+",AB14="+"),"+","-") -> + | AD14: =VLOOKUP(C14,'1_Ранг лучших динамика'!D:R,'1_Ранг лучших динамика'!Q$9,FALSE) -> #N/A
B15: =B14+1 -> 8 | C15: Рузский | D15: 79513 | E15: 20 | F15: 33 | G15: 13 | H15: 0.65 | I15: 5 | J15: 5 | K15: 6 | L15: 1 | M15: 0.2 | N15: 23 | O15: 75 | P15: 130 | Q15: 55 | R15: 0.73333333 | S15: 16.349528 | T15: 10 | U15: 386 | V15: 527 | W15: 141 | X15: 0.36528497 | Y15: 66.27847 | Z15: 8 | AA15: + | AB15: не нужна (на хвосте) | AC15: =IF(OR(AA15="+",AB15="+"),"+","-") -> + | AD15: =VLOOKUP(C15,'1_Ранг лучших динамика'!D:R,'1_Ранг лучших динамика'!Q$9,FALSE) -> #N/A
B16: =B15+1 -> 9 | C16: Кашира | D16: 66371 | E16: 13 | F16: 12 | G16: -1 | H16: -0.076923077 | I16: 22 | J16: 20 | K16: 6 | L16: -14 | M16: -0.7 | N16: 23 | O16: 84 | P16: 124 | Q16: 40 | R16: 0.47619048 | S16: 18.682858 | T16: 9 | U16: 312 | V16: 377 | W16: 65 | X16: 0.20833333 | Y16: 56.801916 | Z16: 10 | AA16: + | AB16: + | AC16: =IF(OR(AA16="+",AB16="+"),"+","-") -> + | AD16: =VLOOKUP(C16,'1_Ранг лучших динамика'!D:R,'1_Ранг лучших динамика'!Q$9,FALSE) -> #N/A
B17: =B16+1 -> 10 | C17: Домодедово | D17: 222807 | E17: 16 | F17: 20 | G17: 4 | H17: 0.25 | I17: 18 | J17: 12 | K17: 16 | L17: 4 | M17: 0.33333333 | N17: 14 | O17: 239 | P17: 324 | Q17: 85 | R17: 0.35564854 | S17: 14.541733 | T17: 13 | U17: 2294 | V17: 1299 | W17: -995 | X17: -0.43374019 | Y17: 58.301579 | Z17: 9 | AA17: + | AB17: + | AC17: =IF(OR(AA17="+",AB17="+"),"+","-") -> + | AD17: =VLOOKUP(C17,'1_Ранг лучших динамика'!D:R,'1_Ранг лучших динамика'!Q$9,FALSE) -> #N/A
B18: =B17+1 -> 11 | C18: Клин | D18: 148369 | E18: 28 | F18: 41 | G18: 13 | H18: 0.46428571 | I18: 2 | J18: 6 | K18: 18 | L18: 12 | M18: 2 | N18: 12 | O18: 144 | P18: 219 | Q18: 75 | R18: 0.52083333 | S18: 14.760496 | T18: 12 | U18: 600 | V18: 715 | W18: 115 | X18: 0.19166667 | Y18: 48.19066 | Z18: 12 | AA18: + | AB18: + | AC18: =IF(OR(AA18="+",AB18="+"),"+","-") -> + | AD18: =VLOOKUP(C18,'1_Ранг лучших динамика'!D:R,'1_Ранг лучших динамика'!Q$9,FALSE) -> #N/A
B19: =B18+1 -> 12 | C19: Воскресенск | D19: 160613 | E19: 32 | F19: 28 | G19: -4 | H19: -0.125 | I19: 12 | J19: 15 | K19: 6 | L19: -9 | M19: -0.6 | N19: 23 | O19: 128 | P19: 242 | Q19: 114 | R19: 0.890625 | S19: 15.067274 | T19: 11 | U19: 638 | V19: 688 | W19: 50 | X19: 0.078369906 | Y19: 42.835885 | Z19: 14 | AA19: + | AB19: + | AC19: =IF(OR(AA19="+",AB19="+"),"+","-") -> + | AD19: =VLOOKUP(C19,'1_Ранг лучших динамика'!D:R,'1_Ранг лучших динамика'!Q$9,FALSE) -> #N/A
B20: =B19+1 -> 13 | C20: Луховицы | D20: 60722 | E20: 4 | F20: 7 | G20: 3 | H20: 0.75 | I20: 27 | J20: 3 | K20: 2 | L20: -1 | M20: -0.33333333 | N20: 31 | O20: 83 | P20: 116 | Q20: 33 | R20: 0.39759036 | S20: 19.103455 | T20: 8 | U20: 270 | V20: 194 | W20: -76 | X20: -0.28148148 | Y20: 31.948882 | Z20: 24 | AA20: не нужна (несуществ.) | AB20: не нужна (несуществ.) | AC20: =IF(OR(AA20="+",AB20="+"),"+","-") -> - | AD20: =VLOOKUP(C20,'1_Ранг лучших динамика'!D:R,'1_Ранг лучших динамика'!Q$9,FALSE) -> #N/A
... B22: =B21+1 -> 15 | C22: Сергиево-Посадский | D22: 209616 | E22: 14 | F22: 19 | G22: 5 | H22: 0.35714286 | I22: 19 | J22: 2 | K22: 11 | L22: 9 | M22: 4.5 | N22: 20 | O22: 133 | P22: 253 | Q22: 120 | R22: 0.90225564 | S22: 12.069689 | T22: 19 | U22: 335 | V22: 852 | W22: 517 | X22: 1.5432836 | Y22: 40.645752 | Z22: 16 | AA22: + | AB22: + | AC22: =IF(OR(AA22="+",AB22="+"),"+","-") -> + | AD22: =VLOOKUP(C22,'1_Ранг лучших динамика'!D:R,'1_Ранг лучших динамика'!Q$9,FALSE) -> #N/A
B23: =B22+1 -> 16 | C23: Зарайск | D23: 36534 | E23: 7 | F23: 1 | G23: -6 | H23: -0.85714286 | I23: 38 | J23: 0 | K23: 1 | L23: 1 | M23: - | N23: 36 | O23: 45 | P23: 119 | Q23: 74 | R23: 1.6444444 | S23: 32.572398 | T23: 2 | U23: 89 | V23: 83 | W23: -6 | X23: -0.06741573 | Y23: 22.718564 | Z23: 33 | AA23: не нужна (несуществ.) | AB23: не нужна (несуществ.) | AC23: =IF(OR(AA23="+",AB23="+"),"+","-") -> - | AD23: =VLOOKUP(C23,'1_Ранг лучших динамика'!D:R,'1_Ранг лучших динамика'!Q$9,FALSE) -> #N/A
B24: =B23+1 -> 17 | C24: Лобня | D24: 81968 | E24: 1 | F24: 7 | G24: 6 | H24: 6 | I24: 27 | J24: 4 | K24: 89 | L24: 85 | M24: 21.25 | N24: 1 | O24: 18 | P24: 99 | Q24: 81 | R24: 4.5 | S24: 12.077884 | T24: 18 | U24: 306 | V24: 278 | W24: -28 | X24: -0.091503268 | Y24: 33.915674 | Z24: 21 | AA24: нет сетей РМР | AB24: + | AC24: =IF(OR(AA24="+",AB24="+"),"+","-") -> + | AD24: =VLOOKUP(C24,'1_Ранг лучших динамика'!D:R,'1_Ранг лучших динамика'!Q$9,FALSE) -> #N/A
B25: =B24+1 -> 18 | C25: Богородский | D25: 218485 | E25: 1 | F25: 5 | G25: 4 | H25: 4 | I25: 33 | J25: 10 | K25: 8 | L25: -2 | M25: -0.2 | N25: 21 | O25: 201 | P25: 262 | Q25: 61 | R25: 0.30348259 | S25: 11.99167 | T25: 20 | U25: 783 | V25: 787 | W25: 4 | X25: 0.0051085568 | Y25: 36.020779 | Z25: 20 | AA25: + | AB25: + | AC25: =IF(OR(AA25="+",AB25="+"),"+","-") -> + | AD25: =VLOOKUP(C25,'1_Ранг лучших динамика'!D:R,'1_Ранг лучших динамика'!Q$9,FALSE) -> #N/A
B26: =B25+1 -> 19 | C26: Подольск | D26: 350268 | E26: 27 | F26: 22 | G26: -5 | H26: -0.18518519 | I26: 16 | J26: 12 | K26: 19 | L26: 7 | M26: 0.58333333 | N26: 10 | O26: 481 | P26: 460 | Q26: -21 | R26: -0.043659044 | S26: 13.132801 | T26: 15 | U26: 1824 | V26: 907 | W26: -917 | X26: -0.50274123 | Y26: 25.894458 | Z26: 26 | AA26: + | AB26: + | AC26: =IF(OR(AA26="+",AB26="+"),"+","-") -> + | AD26: =VLOOKUP(C26,'1_Ранг лучших динамика'!D:R,'1_Ранг лучших динамика'!Q$9,FALSE) -> #N/A
B27: =B26+1 -> 20 | C27: Одинцово | D27: 480869 | E27: 30 | F27: 29 | G27: -1 | H27: -0.033333333 | I27: 8 | J27: 33 | K27: 6 | L27: -27 | M27: -0.81818182 | N27: 23 | O27: 536 | P27: 601 | Q27: 65 | R27: 0.12126866 | S27: 12.498206 | T27: 16 | U27: 1273 | V27: 1376 | W27: 103 | X27: 0.080911233 | Y27: 28.614862 | Z27: 25 | AA27: + | AB27: + | AC27: =IF(OR(AA27="+",AB27="+"),"+","-") -> + | AD27: =VLOOKUP(C27,'1_Ранг лучших динамика'!D:R,'1_Ранг лучших динамика'!Q$9,FALSE) -> #N/A
B28: =B27+1 -> 21 | C28: Павлово-Посадский | D28: 121788 | E28: 4 | F28: 1 | G28: -3 | H28: -0.75 | I28: 38 | J28: 33 | K28: 12 | L28: -21 | M28: -0.63636364 | N28: 17 | O28: 90 | P28: 108 | Q28: 18 | R28: 0.2 | S28: 8.8678688 | T28: 28 | U28: 756 | V28: 573 | W28: -183 | X28: -0.24206349 | Y28: 47.04897 | Z28: 13 | AA28: + | AB28: + | AC28: =IF(OR(AA28="+",AB28="+"),"+","-") -> + | AD28: =VLOOKUP(C28,'1_Ранг лучших динамика'!D:R,'1_Ранг лучших динамика'!Q$9,FALSE) -> #N/A
B29: =B28+1 -> 22 | C29: Серебряные Пруды | D29: 23475 | E29: 1 | F29: 1 | G29: 0 | H29: 0 | I29: 38 | J29: 6 | K29: 3 | L29: -3 | M29: -0.5 | N29: 30 | O29: 3 | P29: 15 | Q29: 12 | R29: 4 | S29: 6.3897764 | T29: 38 | U29: 91 | V29: 263 | W29: 172 | X29: 1.8901099 | Y29: 112.03408 | Z29: 4 | AA29: не нужна | AB29: + | AC29: =IF(OR(AA29="+",AB29="+"),"+","-") -> + | AD29: =VLOOKUP(C29,'1_Ранг лучших динамика'!D:R,'1_Ранг лучших динамика'!Q$9,FALSE) -> 52
B30: =B29+1 -> 23 | C30: Пушкино | D30: 300650 | E30: 25 | F30: 29 | G30: 4 | H30: 0.16 | I30: 8 | J30: 57 | K30: 4 | L30: -53 | M30: -0.92982456 | N30: 28 | O30: 318 | P30: 358 | Q30: 40 | R30: 0.12578616 | S30: 11.907534 | T30: 21 | U30: 1284 | V30: 988 | W30: -296 | X30: -0.2305296 | Y30: 32.862132 | Z30: 22 | AA30: + | AB30: + | AC30: =IF(OR(AA30="+",AB30="+"),"+","-") -> + | AD30: =VLOOKUP(C30,'1_Ранг лучших динамика'!D:R,'1_Ранг лучших динамика'!Q$9,FALSE) -> #N/A
B31: =B30+1 -> 24 | C31: Талдомский | D31: 64223 | E31: 2 | F31: 9 | G31: 7 | H31: 3.5 | I31: 25 | J31: 1 | K31: 12 | L31: 11 | M31: 11 | N31: 17 | O31: 19 | P31: 66 | Q31: 47 | R31: 2.4736842 | S31: 10.276692 | T31: 24 | U31: 217 | V31: 232 | W31: 15 | X31: 0.069124424 | Y31: 36.12413 | Z31: 19 | AA31: не нужна | AB31: не нужна | AC31: =IF(OR(AA31="+",AB31="+"),"+","-") -> - | AD31: =VLOOKUP(C31,'1_Ранг лучших динамика'!D:R,'1_Ранг лучших динамика'!Q$9,FALSE) -> #N/A
B32: =B31+1 -> 25 | C32: Красногорск | D32: 324754 | E32: 5 | F32: 6 | G32: 1 | H32: 0.2 | I32: 29 | J32: 44 | K32: 12 | L32: -32 | M32: -0.72727273 | N32: 17 | O32: 229 | P32: 275 | Q32: 46 | R32: 0.20087336 | S32: 8.467948 | T32: 31 | U32: 871 | V32: 1174 | W32: 303 | X32: 0.347876 | Y32: 36.15044 | Z32: 18 | AA32: не нужна | AB32: + | AC32: =IF(OR(AA32="+",AB32="+"),"+","-") -> + | AD32: =VLOOKUP(C32,'1_Ранг лучших динамика'!D:R,'1_Ранг лучших динамика'!Q$9,FALSE) -> #N/A
B33: =B32+1 -> 26 | C33: Лотошино | D33: 21919 | E33: 13 | F33: 4 | G33: -9 | H33: -0.69230769 | I33: 34 | J33: 1 | K33: 0 | L33: -1 | M33: -1 | N33: 38 | O33: 15 | P33: 23 | Q33: 8 | R33: 0.53333333 | S33: 10.493179 | T33: 23 | U33: 46 | V33: 52 | W33: 6 | X33: 0.13043478 | Y33: 23.72371 | Z33: 29 | AA33: не нужна | AB33: не нужна | AC33: =IF(OR(AA33="+",AB33="+"),"+","-") -> - | AD33: =VLOOKUP(C33,'1_Ранг лучших динамика'!D:R,'1_Ранг лучших динамика'!Q$9,FALSE) -> #N/A
B34: =B33+1 -> 27 | C34: Егорьевск | D34: 111398 | E34: 15 | F34: 9 | G34: -6 | H34: -0.4 | I34: 25 | J34: 6 | K34: 0 | L34: -6 | M34: -1 | N34: 38 | O34: 102 | P34: 101 | Q34: -1 | R34: -0.0098039216 | S34: 9.0665901 | T34: 26 | U34: 494 | V34: 274 | W34: -220 | X34: -0.44534413 | Y34: 24.596492 | Z34: 28 | AA34: + | AB34: + | AC34: =IF(OR(AA34="+",AB34="+"),"+","-") -> + | AD34: =VLOOKUP(C34,'1_Ранг лучших динамика'!D:R,'1_Ранг лучших динамика'!Q$9,FALSE) -> #N/A
B35: =B34+1 -> 28 | C35: Бронницы | D35: 21294 | E35: 0 | F35: 0 | G35: 0 | H35: - | I35: 47 | J35: 0 | K35: 0 | L35: 0 | M35: - | N35: 38 | O35: 15 | P35: 10 | Q35: -5 | R35: -0.33333333 | S35: 4.6961585 | T35: 43 | U35: 204 | V35: 88 | W35: -116 | X35: -0.56862745 | Y35: 41.326195 | Z35: 15 | AA35: не нужна | AB35: не нужна | AC35: =IF(OR(AA35="+",AB35="+"),"+","-") -> - | AD35: =VLOOKUP(C35,'1_Ранг лучших динамика'!D:R,'1_Ранг лучших динамика'!Q$9,FALSE) -> #N/A
B36: =B35+1 -> 29 | C36: Можайск | D36: 92519 | E36: 17 | F36: 13 | G36: -4 | H36: -0.23529412 | I36: 21 | J36: 1 | K36: 2 | L36: 1 | M36: 1 | N36: 31 | O36: 42 | P36: 81 | Q36: 39 | R36: 0.92857143 | S36: 8.7549584 | T36: 29 | U36: 245 | V36: 208 | W36: -37 | X36: -0.15102041 | Y36: 22.481869 | Z36: 34 | AA36: + | AC36: =IF(OR(AA36="+",AB36="+"),"+","-") -> + | AD36: =VLOOKUP(C36,'1_Ранг лучших динамика'!D:R,'1_Ранг лучших динамика'!Q$9,FALSE) -> #N/A
B37: =B36+1 -> 30 | C37: Черноголовка | D37: 21789 | E37: 1 | F37: 2 | G37: 1 | H37: 1 | I37: 37 | J37: 1 | K37: 0 | L37: -1 | M37: -1 | N37: 38 | O37: 8 | P37: 13 | Q37: 5 | R37: 0.625 | S37: 5.9663133 | T37: 40 | U37: 30 | V37: 70 | W37: 40 | X37: 1.3333333 | Y37: 32.126302 | Z37: 23 | AA37: не нужна | AB37: не нужна | AC37: =IF(OR(AA37="+",AB37="+"),"+","-") -> - | AD37: =VLOOKUP(C37,'1_Ранг лучших динамика'!D:R,'1_Ранг лучших динамика'!Q$9,FALSE) -> #N/A
B38: =B37+1 -> 31 | C38: Мытищи | D38: 299964 | E38: 20 | F38: 23 | G38: 3 | H38: 0.15 | I38: 14 | J38: 12 | K38: 26 | L38: 14 | M38: 1.1666667 | N38: 7 | O38: 226 | P38: 252 | Q38: 26 | R38: 0.11504425 | S38: 8.4010081 | T38: 32 | U38: 858 | V38: 687 | W38: -171 | X38: -0.1993007 | Y38: 22.902748 | Z38: 32 | AA38: + | AB38: + | AC38: =IF(OR(AA38="+",AB38="+"),"+","-") -> + | AD38: =VLOOKUP(C38,'1_Ранг лучших динамика'!D:R,'1_Ранг лучших динамика'!Q$9,FALSE) -> #N/A
B39: =B38+1 -> 32 | C39: Щелково | D39: 217794 | E39: 5 | F39: 1 | G39: -4 | H39: -0.8 | I39: 38 | J39: 9 | K39: 14 | L39: 5 | M39: 0.55555556 | N39: 16 | O39: 169 | P39: 194 | Q39: 25 | R39: 0.14792899 | S39: 8.9074997 | T39: 27 | U39: 515 | V39: 440 | W39: -75 | X39: -0.14563107 | Y39: 20.202577 | Z39: 37 | AA39: + | AB39: + | AC39: =IF(OR(AA39="+",AB39="+"),"+","-") -> + | AD39: =VLOOKUP(C39,'1_Ранг лучших динамика'!D:R,'1_Ранг лучших динамика'!Q$9,FALSE) -> #N/A
B40: =B39+1 -> 33 | C40: Шаховская | D40: 29700 | E40: 0 | F40: 0 | G40: 0 | H40: - | I40: 47 | J40: 1 | K40: 0 | L40: -1 | M40: -1 | N40: 38 | O40: 11 | P40: 21 | Q40: 10 | R40: 0.90909091 | S40: 7.0707071 | T40: 37 | U40: 144 | V40: 74 | W40: -70 | X40: -0.48611111 | Y40: 24.915825 | Z40: 27 | AA40: не нужна | AB40: не нужна | AC40: =IF(OR(AA40="+",AB40="+"),"+","-") -> - | AD40: =VLOOKUP(C40,'1_Ранг лучших динамика'!D:R,'1_Ранг лучших динамика'!Q$9,FALSE) -> #N/A
B41: =B40+1 -> 34 | C41: Орехово-Зуево | D41: 241038 | E41: 36 | F41: 22 | G41: -14 | H41: -0.38888889 | I41: 16 | J41: 4 | K41: 5 | L41: 1 | M41: 0.25 | N41: 27 | O41: 164 | P41: 277 | Q41: 113 | R41: 0.68902439 | S41: 11.491964 | T41: 22 | U41: 550 | V41: 383 | W41: -167 | X41: -0.30363636 | Y41: 15.889611 | Z41: 43 | AA41: не нужна | AB41: + | AC41: =IF(OR(AA41="+",AB41="+"),"+","-") -> + | AD41: =VLOOKUP(C41,'1_Ранг лучших динамика'!D:R,'1_Ранг лучших динамика'!Q$9,FALSE) -> #N/A
B42: =B41+1 -> 35 | C42: Химки | D42: 278578 | E42: 17 | F42: 24 | G42: 7 | H42: 0.41176471 | I42: 13 | J42: 17 | K42: 2 | L42: -15 | M42: -0.88235294 | N42: 31 | O42: 156 | P42: 237 | Q42: 81 | R42: 0.51923077 | S42: 8.5074916 | T42: 30 | U42: 689 | V42: 617 | W42: -72 | X42: -0.10449927 | Y42: 22.148195 | Z42: 35 | AA42: + | AB42: + | AC42: =IF(OR(AA42="+",AB42="+"),"+","-") -> + | AD42: =VLOOKUP(C42,'1_Ранг лучших динамика'!D:R,'1_Ранг лучших динамика'!Q$9,FALSE) -> #N/A
B43: =B42+1 -> 36 | C43: Лыткарино | D43: 66079 | E43: 1 | F43: 1 | G43: 0 | H43: 0 | I43: 38 | J43: 0 | K43: 0 | L43: 0 | M43: - | N43: 38 | O43: 33 | P43: 51 | Q43: 18 | R43: 0.54545455 | S43: 7.7180345 | T43: 35 | U43: 40 | V43: 153 | W43: 113 | X43: 2.825 | Y43: 23.154103 | Z43: 31 | AA43: не нужна | AB43: + | AC43: =IF(OR(AA43="+",AB43="+"),"+","-") -> + | AD43: =VLOOKUP(C43,'1_Ранг лучших динамика'!D:R,'1_Ранг лучших динамика'!Q$9,FALSE) -> #N/A
B44: =B43+1 -> 37 | C44: Шатура | D44: 101978 | E44: 1 | F44: 6 | G44: 5 | H44: 5 | I44: 29 | J44: 2 | K44: 0 | L44: -2 | M44: -1 | N44: 38 | O44: 79 | P44: 103 | Q44: 24 | R44: 0.30379747 | S44: 10.100218 | T44: 25 | U44: 202 | V44: 166 | W44: -36 | X44: -0.17821782 | Y44: 16.278021 | Z44: 42 | AA44: не нужна | AB44: + | AC44: =IF(OR(AA44="+",AB44="+"),"+","-") -> + | AD44: =VLOOKUP(C44,'1_Ранг лучших динамика'!D:R,'1_Ранг лучших динамика'!Q$9,FALSE) -> #N/A
B45: =B44+1 -> 38 | C45: Лосино-Петровский | D45: 70669 | E45: 0 | F45: 0 | G45: 0 | H45: - | I45: 47 | J45: 0 | K45: 2 | L45: 2 | M45: - | N45: 31 | O45: 19 | P45: 55 | Q45: 36 | R45: 1.8947368 | S45: 7.7827619 | T45: 34 | U45: 174 | V45: 145 | W45: -29 | X45: -0.16666667 | Y45: 20.51819 | Z45: 36 | AA45: не нужна | AB45: не нужна | AC45: =IF(OR(AA45="+",AB45="+"),"+","-") -> - | AD45: =VLOOKUP(C45,'1_Ранг лучших динамика'!D:R,'1_Ранг лучших динамика'!Q$9,FALSE) -> 35
B46: =B45+1 -> 39 | C46: Коломна | D46: 214925 | E46: 9 | F46: 12 | G46: 3 | H46: 0.33333333 | I46: 22 | J46: 12 | K46: 1 | L46: -11 | M46: -0.91666667 | N46: 36 | O46: 142 | P46: 171 | Q46: 29 | R46: 0.20422535 | S46: 7.9562638 | T46: 33 | U46: 472 | V46: 355 | W46: -117 | X46: -0.24788136 | Y46: 16.51739 | Z46: 40 | AA46: не нужна | AB46: + | AC46: =IF(OR(AA46="+",AB46="+"),"+","-") -> + | AD46: =VLOOKUP(C46,'1_Ранг лучших динамика'!D:R,'1_Ранг лучших динамика'!Q$9,FALSE) -> #N/A
B47: =B46+1 -> 40 | C47: Серпухов | D47: 237574 | E47: 19 | F47: 15 | G47: -4 | H47: -0.21052632 | I47: 20 | J47: 1 | K47: 31 | L47: 30 | M47: 30 | N47: 6 | O47: 210 | P47: 179 | Q47: -31 | R47: -0.14761905 | S47: 7.5344945 | T47: 36 | U47: 583 | V47: 456 | W47: -127 | X47: -0.21783877 | Y47: 19.19402 | Z47: 39 | AA47: + | AB47: + | AC47: =IF(OR(AA47="+",AB47="+"),"+","-") -> + | AD47: =VLOOKUP(C47,'1_Ранг лучших динамика'!D:R,'1_Ранг лучших динамика'!Q$9,FALSE) -> 5
B48: =B47+1 -> 41 | C48: Долгопрудный | D48: 119957 | E48: 0 | F48: 6 | G48: 6 | H48: - | I48: 29 | J48: 0 | K48: 18 | L48: 18 | M48: - | N48: 12 | O48: 45 | P48: 40 | Q48: -5 | R48: -0.11111111 | S48: 3.3345282 | T48: 47 | U48: 320 | V48: 279 | W48: -41 | X48: -0.128125 | Y48: 23.258334 | Z48: 30 | AA48: не нужна | AB48: не нужна | AC48: =IF(OR(AA48="+",AB48="+"),"+","-") -> - | AD48: =VLOOKUP(C48,'1_Ранг лучших динамика'!D:R,'1_Ранг лучших динамика'!Q$9,FALSE) -> #N/A
B49: =B48+1 -> 42 | C49: Реутов | D49: 113140 | E49: 1 | F49: 1 | G49: 0 | H49: 0 | I49: 38 | J49: 5 | K49: 0 | L49: -5 | M49: -1 | N49: 38 | O49: 55 | P49: 62 | Q49: 7 | R49: 0.12727273 | S49: 5.4799364 | T49: 41 | U49: 160 | V49: 222 | W49: 62 | X49: 0.3875 | Y49: 19.621708 | Z49: 38 | AA49: не нужна | AB49: + | AC49: =IF(OR(AA49="+",AB49="+"),"+","-") -> + | AD49: =VLOOKUP(C49,'1_Ранг лучших динамика'!D:R,'1_Ранг лучших динамика'!Q$9,FALSE) -> #N/A
B50: =B49+1 -> 43 | C50: Ленинский | D50: 309204 | E50: 8 | F50: 4 | G50: -4 | H50: -0.5 | I50: 34 | J50: 7 | K50: 0 | L50: -7 | M50: -1 | N50: 38 | O50: 167 | P50: 192 | Q50: 25 | R50: 0.1497006 | S50: 6.2094928 | T50: 39 | U50: 635 | V50: 400 | W50: -235 | X50: -0.37007874 | Y50: 12.936443 | Z50: 46 | AA50: + | AB50: + | AC50: =IF(OR(AA50="+",AB50="+"),"+","-") -> + | AD50: =VLOOKUP(C50,'1_Ранг лучших динамика'!D:R,'1_Ранг лучших динамика'!Q$9,FALSE) -> #N/A
B51: =B50+1 -> 44 | C51: Королев | D51: 226936 | E51: 0 | F51: 1 | G51: 1 | H51: - | I51: 38 | J51: 2 | K51: 0 | L51: -2 | M51: -1 | N51: 38 | O51: 10 | P51: 67 | Q51: 57 | R51: 5.7 | S51: 2.9523742 | T51: 49 | U51: 278 | V51: 374 | W51: 96 | X51: 0.34532374 | Y51: 16.480417 | Z51: 41 | AA51: не нужна | AB51: не нужна | AC51: =IF(OR(AA51="+",AB51="+"),"+","-") -> - | AD51: =VLOOKUP(C51,'1_Ранг лучших динамика'!D:R,'1_Ранг лучших динамика'!Q$9,FALSE) -> #N/A
B52: =B51+1 -> 45 | C52: Дубна | D52: 74193 | E52: 3 | F52: 1 | G52: -2 | H52: -0.66666667 | I52: 38 | J52: 2 | K52: 0 | L52: -2 | M52: -1 | N52: 38 | O52: 37 | P52: 37 | Q52: 0 | R52: 0 | S52: 4.9869934 | T52: 42 | U52: 315 | V52: 69 | W52: -246 | X52: -0.78095238 | Y52: 9.3000687 | Z52: 50 | AA52: не нужна | AB52: + | AC52: =IF(OR(AA52="+",AB52="+"),"+","-") -> + | AD52: =VLOOKUP(C52,'1_Ранг лучших динамика'!D:R,'1_Ранг лучших динамика'!Q$9,FALSE) -> #N/A
B53: =B52+1 -> 46 | C53: Люберцы | D53: 414189 | E53: 4 | F53: 0 | G53: -4 | H53: -1 | I53: 47 | J53: 6 | K53: 2 | L53: -4 | M53: -0.66666667 | N53: 31 | O53: 163 | P53: 133 | Q53: -30 | R53: -0.18404908 | S53: 3.2110945 | T53: 48 | U53: 482 | V53: 573 | W53: 91 | X53: 0.18879668 | Y53: 13.834264 | Z53: 44 | AA53: не нужна | AB53: + | AC53: =IF(OR(AA53="+",AB53="+"),"+","-") -> + | AD53: =VLOOKUP(C53,'1_Ранг лучших динамика'!D:R,'1_Ранг лучших динамика'!Q$9,FALSE) -> #N/A
B54: =B53+1 -> 47 | C54: Балашиха | D54: 549846 | E54: 35 | F54: 39 | G54: 4 | H54: 0.11428571 | I54: 3 | J54: 15 | K54: 19 | L54: 4 | M54: 0.26666667 | N54: 10 | O54: 258 | P54: 203 | Q54: -55 | R54: -0.21317829 | S54: 3.6919428 | T54: 45 | U54: 757 | V54: 581 | W54: -176 | X54: -0.2324967 | Y54: 10.566595 | Z54: 48 | AA54: + | AB54: + | AC54: =IF(OR(AA54="+",AB54="+"),"+","-") -> + | AD54: =VLOOKUP(C54,'1_Ранг лучших динамика'!D:R,'1_Ранг лучших динамика'!Q$9,FALSE) -> #N/A
B55: =B54+1 -> 48 | C55: Краснознаменск | D55: 44402 | E55: 0 | F55: 0 | G55: 0 | H55: - | I55: 47 | J55: 0 | K55: 0 | L55: 0 | M55: - | N55: 38 | O55: 0 | P55: 11 | Q55: 11 | R55: - | S55: 2.4773659 | T55: 51 | U55: 70 | V55: 58 | W55: -12 | X55: -0.17142857 | Y55: 13.062475 | Z55: 45 | AA55: не нужна | AB55: не нужна | AC55: =IF(OR(AA55="+",AB55="+"),"+","-") -> - | AD55: =VLOOKUP(C55,'1_Ранг лучших динамика'!D:R,'1_Ранг лучших динамика'!Q$9,FALSE) -> #N/A
B56: =B55+1 -> 49 | C56: Фрязино | D56: 59622 | E56: 0 | F56: 1 | G56: 1 | H56: - | I56: 38 | J56: 0 | K56: 0 | L56: 0 | M56: - | N56: 38 | O56: 30 | P56: 25 | Q56: -5 | R56: -0.16666667 | S56: 4.1930831 | T56: 44 | U56: 23 | V56: 27 | W56: 4 | X56: 0.17391304 | Y56: 4.5285297 | Z56: 53 | AA56: не нужна | AB56: не нужна | AC56: =IF(OR(AA56="+",AB56="+"),"+","-") -> - | AD56: =VLOOKUP(C56,'1_Ранг лучших динамика'!D:R,'1_Ранг лучших динамика'!Q$9,FALSE) -> #N/A
B57: =B56+1 -> 50 | C57: Электросталь | D57: 152190 | E57: 2 | F57: 6 | G57: 4 | H57: 2 | I57: 29 | J57: 5 | K57: 8 | L57: 3 | M57: 0.6 | N57: 21 | O57: 61 | P57: 52 | Q57: -9 | R57: -0.14754098 | S57: 3.4167817 | T57: 46 | U57: 140 | V57: 114 | W57: -26 | X57: -0.18571429 | Y57: 7.4906367 | Z57: 52 | AA57: не нужна | AB57: + | AC57: =IF(OR(AA57="+",AB57="+"),"+","-") -> + | AD57: =VLOOKUP(C57,'1_Ранг лучших динамика'!D:R,'1_Ранг лучших динамика'!Q$9,FALSE) -> #N/A
B58: =B57+1 -> 51 | C58: Жуковский | D58: 110507 | E58: 4 | F58: 4 | G58: 0 | H58: 0 | I58: 34 | J58: 1 | K58: 0 | L58: -1 | M58: -1 | N58: 38 | O58: 27 | P58: 25 | Q58: -2 | R58: -0.074074074 | S58: 2.2623001 | T58: 52 | U58: 93 | V58: 126 | W58: 33 | X58: 0.35483871 | Y58: 11.401993 | Z58: 47 | AA58: не нужна | AB58: не нужна | AC58: =IF(OR(AA58="+",AB58="+"),"+","-") -> - | AD58: =VLOOKUP(C58,'1_Ранг лучших динамика'!D:R,'1_Ранг лучших динамика'!Q$9,FALSE) -> #N/A
B59: =B58+1 -> 52 | C59: Молодежный | D59: 2872 | E59: 0 | F59: 0 | G59: 0 | H59: - | I59: 47 | J59: 0 | K59: 0 | L59: 0 | M59: - | N59: 38 | O59: 2 | P59: 0 | Q59: -2 | R59: -1 | S59: 0 | T59: 54 | U59: 4 | V59: 3 | W59: -1 | X59: -0.25 | Y59: 10.445682 | Z59: 49 | AA59: не нужна | AB59: не нужна | AC59: =IF(OR(AA59="+",AB59="+"),"+","-") -> - | AD59: =VLOOKUP(C59,'1_Ранг лучших динамика'!D:R,'1_Ранг лучших динамика'!Q$9,FALSE) -> #N/A
B60: =B59+1 -> 53 | C60: Котельники | D60: 68758 | E60: 0 | F60: 0 | G60: 0 | H60: - | I60: 47 | J60: 1 | K60: 0 | L60: -1 | M60: -1 | N60: 38 | O60: 14 | P60: 12 | Q60: -2 | R60: -0.14285714 | S60: 1.7452515 | T60: 53 | U60: 66 | V60: 55 | W60: -11 | X60: -0.16666667 | Y60: 7.9990692 | Z60: 51 | AA60: не нужна | AB60: не нужна | AC60: =IF(OR(AA60="+",AB60="+"),"+","-") -> - | AD60: =VLOOKUP(C60,'1_Ранг лучших динамика'!D:R,'1_Ранг лучших динамика'!Q$9,FALSE) -> #N/A
B61: =B60+1 -> 54 | C61: Звездный городок | D61: 7620 | E61: 0 | F61: 0 | G61: 0 | H61: - | I61: 47 | J61: 0 | K61: 0 | L61: 0 | M61: - | N61: 38 | O61: 0 | P61: 2 | Q61: 2 | R61: - | S61: 2.6246719 | T61: 50 | U61: 0 | V61: 1 | W61: 1 | X61: - | Y61: 1.312336 | Z61: 54 | AA61: не нужна | AB61: не нужна | AC61: =IF(OR(AA61="+",AB61="+"),"+","-") -> - | AD61: =VLOOKUP(C61,'1_Ранг лучших динамика'!D:R,'1_Ранг лучших динамика'!Q$9,FALSE) -> #N/A
B62: =B61+1 -> 55 | C62: Власиха | D62: 28401 | E62: 0 | F62: 0 | G62: 0 | H62: - | I62: 47 | J62: 0 | K62: 0 | L62: 0 | M62: - | N62: 38 | O62: 1 | P62: 0 | Q62: -1 | R62: -1 | S62: 0 | T62: 54 | U62: 6 | V62: 3 | W62: -3 | X62: -0.5 | Y62: 1.0563008 | Z62: 55 | AA62: не нужна | AB62: не нужна | AC62: =IF(OR(AA62="+",AB62="+"),"+","-") -> - | AD62: =VLOOKUP(C62,'1_Ранг лучших динамика'!D:R,'1_Ранг лучших динамика'!Q$9,FALSE) -> #N/A
B63: =B62+1 -> 56 | C63: Восход | D63: 2063 | E63: 0 | F63: 0 | G63: 0 | H63: - | I63: 47 | J63: 0 | K63: 0 | L63: 0 | M63: - | N63: 38 | O63: 0 | P63: 0 | Q63: 0 | R63: - | S63: 0 | T63: 54 | U63: 0 | V63: 0 | W63: 0 | X63: - | Y63: 0 | Z63: 56 | AA63: не нужна | AB63: не нужна | AC63: =IF(OR(AA63="+",AB63="+"),"+","-") -> - | AD63: =VLOOKUP(C63,'1_Ранг лучших динамика'!D:R,'1_Ранг лучших динамика'!Q$9,FALSE) -> #N/A

Sheet Для слайда
B3: №п/п | C3: ОМСУ | D3: Кол-во жителей | E3: Динамика отключений, % | F3: Динамика жалоб, %
B4: 1 | C4: Раменское | D4: 334391 | E4: -0.099110546 | F4: -0.41934758
B5: 2 | C5: Бронницы | D5: 21294 | E5: -0.33333333 | F5: -0.56862745
B6: 3 | C6: Подольск | D6: 350268 | E6: -0.043659044 | F6: -0.50274123
B7: 4 | C7: Дубна | D7: 74193 | E7: 0 | F7: -0.78095238
B8: 5 | C8: Серпухов | D8: 237574 | E8: -0.14761905 | F8: -0.21783877
B9: …
B10: 6 | C10: Молодежный | D10: 2872 | E10: -1 | F10: -0.25
B11: 7 | C11: Егорьевск | D11: 111398 | E11: -0.0098039216 | F11: -0.44534413
B12: 8 | C12: Балашиха | D12: 549846 | E12: -0.21317829 | F12: -0.2324967
B13: 9 | C13: Ленинский | D13: 309204 | E13: 0.1497006 | F13: -0.37007874
B14: 10 | C14: Долгопрудный | D14: 119957 | E14: -0.11111111 | F14: -0.128125
B15: 11 | C15: Пушкино | D15: 300650 | E15: 0.12578616 | F15: -0.2305296
B16: 12 | C16: Мытищи | D16: 299964 | E16: 0.11504425 | F16: -0.1993007
B17: 13 | C17: Павлово-Посадский | D17: 121788 | E17: 0.2 | F17: -0.24206349
B18: 14 | C18: Электросталь | D18: 152190 | E18: -0.14754098 | F18: -0.18571429
B19: 15 | C19: Коломна | D19: 214925 | E19: 0.20422535 | F19: -0.24788136
B20: 16 | C20: Домодедово | D20: 222807 | E20: 0.35564854 | F20: -0.43374019
B21: 17 | C21: Чехов | D21: 146908 | E21: 0.30962343 | F21: -0.55062823
... B28: 24 | C28: Шатура | D28: 101978 | E28: 0.30379747 | F28: -0.17821782
B29: 25 | C29: Восход | D29: 2063 | E29: - | F29: -
B30: 26 | C30: Ступино | D30: 118268 | E30: 0.59183673 | F30: -0.43208863
B31: 27 | C31: Орехово-Зуево | D31: 241038 | E31: 0.68902439 | F31: -0.30363636
B32: 28 | C32: Жуковский | D32: 110507 | E32: -0.074074074 | F32: 0.35483871
B33: 29 | C33: Краснознаменск | D33: 44402 | E33: - | F33: -0.17142857
B34: 30 | C34: Луховицы | D34: 60722 | E34: 0.39759036 | F34: -0.28148148
B35: 31 | C35: Можайск | D35: 92519 | E35: 0.92857143 | F35: -0.15102041
B36: 32 | C36: Одинцово | D36: 480869 | E36: 0.12126866 | F36: 0.080911233
B37: 33 | C37: Солнечногорск | D37: 133149 | E37: 0.32175926 | F37: -0.2045773
B38: 34 | C38: Химки | D38: 278578 | E38: 0.51923077 | F38: -0.10449927
B39: 35 | C39: Лосино-Петровский | D39: 70669 | E39: 1.8947368 | F39: -0.16666667
B40: 36 | C40: Реутов | D40: 113140 | E40: 0.12727273 | F40: 0.3875
B41: 37 | C41: Богородский | D41: 218485 | E41: 0.30348259 | F41: 0.0051085568
B42: 38 | C42: Звездный городок | D42: 7620 | E42: - | F42: -
B43: 39 | C43: Красногорск | D43: 324754 | E43: 0.20087336 | F43: 0.347876
B44: 40 | C44: Королев | D44: 226936 | E44: 5.7 | F44: 0.34532374
B45: 41 | C45: Лотошино | D45: 21919 | E45: 0.53333333 | F45: 0.13043478
B46: 42 | C46: Лобня | D46: 81968 | E46: 4.5 | F46: -0.091503268
B47: 43 | C47: Черноголовка | D47: 21789 | E47: 0.625 | F47: 1.3333333
B48: 44 | C48: Лыткарино | D48: 66079 | E48: 0.54545455 | F48: 2.825
B49: 45 | C49: Наро-Фоминск | D49: 194589 | E49: 0.22190202 | F49: 0.16067653
B50: 46 | C50: Зарайск | D50: 36534 | E50: 1.6444444 | F50: -0.06741573
B51: 47 | C51: Клин | D51: 148369 | E51: 0.52083333 | F51: 0.19166667
B52: 48 | C52: Талдомский | D52: 64223 | E52: 2.4736842 | F52: 0.069124424
B53: 49 | C53: Воскресенск | D53: 160613 | E53: 0.890625 | F53: 0.078369906
B54: 50 | C54: Волоколамск | D54: 65122 | E54: 0.75555556 | F54: 0.33888889
... B60: 56 | C60: Дмитров | D60: 164318 | E60: 4 | F60: 1.2900208

Sheet ТОП худших лучших абс
B2: №п/п | C2: ОМСУ | D2: Кол-во жителей | E2: Кол-во отключений, шт. на 10 тыс. жителей | G2: Кол-во жалоб шт. на 10 тыс. жителей | I2: ППН РМР | J2: ППН МОЭ
E3: Динамика, % | F3: кол-во, шт. | G3: Динамика, % | H3: кол-во, шт.
B4: 1 | C4: Солнечногорск | D4: 133149 | E4: 0.32175926 | F4: 42.884288 | G4: -0.2045773 | H4: 127.90182 | I4: + | J4: +
B5: 2 | C5: Ступино | D5: 118268 | E5: 0.59183673 | F5: 26.380762 | G5: -0.43208863 | H5: 117.02236 | I5: + | J5: +
B6: 3 | C6: Истра | D6: 172848 | E6: 1.43 | F6: 28.11719 | G6: 0.6625641 | H6: 93.78182 | I6: + | J6: +
B7: 4 | C7: Чехов | D7: 146908 | E7: 0.30962343 | F7: 21.305851 | G7: -0.55062823 | H7: 82.772892 | I7: + | J7: +
B8: 5 | C8: Раменское | D8: 334391 | E8: -0.099110546 | F8: 21.202724 | G8: -0.41934758 | H8: 77.185092 | I8: + | J8: +
B9: 6 | C9: Дмитров | D9: 164318 | E9: 4 | F9: 13.388673 | G9: 1.2900208 | H9: 134.0693 | I9: + | J9: нет сетей
B10: 7 | C10: Наро-Фоминск | D10: 194589 | E10: 0.22190202 | F10: 21.789515 | G10: 0.16067653 | H10: 56.426622 | I10: + | J10: +
B11: 8 | C11: Рузский | D11: 79513 | E11: 0.73333333 | F11: 16.349528 | G11: 0.36528497 | H11: 66.27847 | I11: + | J11: нет сетей
B12: 9 | C12: Кашира | D12: 66371 | E12: 0.47619048 | F12: 18.682858 | G12: 0.20833333 | H12: 56.801916 | I12: + | J12: +
B13: 10 | C13: Домодедово | D13: 222807 | E13: 0.35564854 | F13: 14.541733 | G13: -0.43374019 | H13: 58.301579 | I13: + | J13: +
B17: №п/п | C17: ОМСУ | D17: Кол-во жителей | E17: Кол-во отключений, шт. на 10 тыс. жителей | G17: Кол-во жалоб шт. на 10 тыс. жителей | I17: ППН РМР | J17: ППН МОЭ
E18: Динамика, % | F18: кол-во, шт. | G18: Динамика, % | H18: кол-во, шт.
B19: 1 | C19: Восход | D19: 2063 | E19: - | F19: 0 | G19: - | H19: 0 | I19: - | J19: -
B20: 2 | C20: Власиха | D20: 28401 | E20: -1 | F20: 0 | G20: -0.5 | H20: 1.0563008 | I20: - | J20: -
B21: 3 | C21: Звездный городок | D21: 7620 | E21: - | F21: 2.6246719 | G21: - | H21: 1.312336 | I21: - | J21: -
B22: 4 | C22: Котельники | D22: 68758 | E22: -0.14285714 | F22: 1.7452515 | G22: -0.16666667 | H22: 7.9990692 | I22: - | J22: -
B23: 5 | C23: Молодежный | D23: 2872 | E23: -1 | F23: 0 | G23: -0.25 | H23: 10.445682 | I23: - | J23: -
B24: 6 | C24: Жуковский | D24: 110507 | E24: -0.074074074 | F24: 2.2623001 | G24: 0.35483871 | H24: 11.401993 | I24: - | J24: -
B25: 7 | C25: Электросталь | D25: 152190 | E25: -0.14754098 | F25: 3.4167817 | G25: -0.18571429 | H25: 7.4906367 | I25: - | J25: +
B26: 8 | C26: Фрязино | D26: 59622 | E26: -0.16666667 | F26: 4.1930831 | G26: 0.17391304 | H26: 4.5285297 | I26: - | J26: -
B27: 9 | C27: Краснознаменск | D27: 44402 | E27: - | F27: 2.4773659 | G27: -0.17142857 | H27: 13.062475 | I27: - | J27: -
B28: 10 | C28: Балашиха | D28: 549846 | E28: -0.21317829 | F28: 3.6919428 | G28: -0.2324967 | H28: 10.566595 | I28: - | J28: -

Sheet Лист1
D3: №п/п | E3: Наименование ОМСУ | F3: Объем финансирования, | J3: Объем мероприятий
F4: млн рублей без НДС
F5: Итого 26-30 | G5: 2026 | H5: 2027 | I5: 2028 | J5: ЛЭП, км | K5: ТП/РП, МВА
E6: Итого ППН | F6: 62108 | G6: 7183 | H6: 22200 | I6: 2398 | J6: 1675 | K6: 2864
E7: в т.ч. ТОП -10 худших ОМСУ
D8: 1 | E8: Солнечногорск | F8: 4138 | G8: - | H8: 660 | I8: - | J8: 321 | K8: 221
D9: 2 | E9: Дмитров | F9: 2860 | G9: 930 | H9: 252 | I9: 51 | J9: 221 | K9: 107
D10: 3 | E10: Ступино | F10: 232 | G10: 137 | H10: - | I10: 2 | J10: 9 | K10: 3
D11: 4 | E11: Наро-Фоминск | F11: 1028 | G11: 518 | H11: - | I11: - | J11: 73 | K11: 10
D12: 5 | E12: Истра | F12: 7092 | G12: 1264 | H12: 3697 | I12: 176 | J12: 78 | K12: 529
D13: 6 | E13: Чехов | F13: 19665 | G13: 2162 | H13: 5922 | I13: - | J13: 369 | K13: 787
D14: 7 | E14: Раменское | F14: 14911 | G14: 2172 | H14: 6103 | I14: 1680 | J14: 343 | K14: 765
D15: 8 | E15: Рузский | F15: 692 | G15: - | H15: - | I15: 436 | J15: 1 | K15: 70
D16: 9 | E16: Кашира | F16: 129 | G16: - | H16: - | I16: - | J16: 11 | K16: -
D17: 10 | E17: Домодедово | F17: 11361 | G17: - | H17: 5566 | I17: 53 | J17: 249 | K17: 372
